Title,Release_year,Certificate,Rating,Runtime(min),Genre,Metascore,Director,Stars,Votes,Gross($)
Avatar,2009,UA,7.9,162.0,Action,83,James Cameron,"Sam Worthington, ",1358356,2923706026
Avengers: Endgame,2019,UA,8.4,181.0,Action,78,"Anthony Russo, ","Robert Downey Jr., ",1207990,2799439100
Avatar: The Way of Water,2022,UA,7.6,192.0,Action,67,James Cameron,"Sam Worthington, ",451677,2320250281
Titanic,1997,UA,7.9,194.0,Drama,75,James Cameron,"Leonardo DiCaprio, ",1243170,2264743305
Star Wars: Episode VII - The Force Awakens,2015,U,7.8,138.0,Action,80,J.J. Abrams,"Daisy Ridley, ",954671,2071310218
Avengers: Infinity War,2018,UA,8.4,149.0,Action,68,"Anthony Russo, ","Robert Downey Jr., ",1149318,2052415039
Spider-Man: No Way Home,2021,UA,8.2,148.0,Action,71,Jon Watts,"Tom Holland, ",825337,1921847111
Jurassic World,2015,UA,6.9,124.0,Action,59,Colin Trevorrow,"Chris Pratt, ",663750,1671537444
The Lion King,2019,U,6.8,118.0,Animation,55,Jon Favreau,"Donald Glover, ",258186,1663075401
The Avengers,2012,UA,8.0,143.0,Action,69,Joss Whedon,"Robert Downey Jr., ",1429811,1520538536
Fast & Furious 7,2015,A,7.1,137.0,Action,67,James Wan,"Vin Diesel, ",405708,1515341399
Top Gun: Maverick,2022,UA,8.3,130.0,Action,78,Joseph Kosinski,"Tom Cruise, ",624170,1495696292
Frozen II,2019,U,6.8,103.0,Animation,64,"Chris Buck, ","Kristen Bell, ",184873,1453683476
Avengers: Age of Ultron,2015,UA,7.3,141.0,Action,66,Joss Whedon,"Robert Downey Jr., ",896922,1405018048
Black Panther,2018,UA,7.3,134.0,Action,88,Ryan Coogler,"Chadwick Boseman, ",812542,1349926083
Harry Potter and the Deathly Hallows: Part 2,2011,UA,8.1,130.0,Adventure,85,David Yates,"Daniel Radcliffe, ",913848,1342359942
The Super Mario Bros. Movie,2023,U,7.1,92.0,Animation,46,"Aaron Horvath, ","Chris Pratt, ",183229,1336903371
Star Wars: Episode VIII - The Last Jedi,2017,UA,6.9,152.0,Action,84,Rian Johnson,"Daisy Ridley, ",654451,1334407706
Jurassic World: Fallen Kingdom,2018,UA,6.1,128.0,Action,51,J.A. Bayona,"Chris Pratt, ",332314,1310466296
Frozen,2013,U,7.4,102.0,Animation,75,"Chris Buck, ","Kristen Bell, ",645752,1284540518
Beauty and the Beast,2017,UA,7.1,129.0,Adventure,65,Bill Condon,"Emma Watson, ",323834,1266115964
Incredibles 2,2018,UA,7.6,118.0,Animation,80,Brad Bird,"Craig T. Nelson, ",316174,1243225667
The Fate of the Furious,2017,UA,6.6,136.0,Action,56,F. Gary Gray,"Vin Diesel, ",246001,1236005118
Iron Man Three,2013,UA,7.1,130.0,Action,62,Shane Black,"Robert Downey Jr., ",878529,1215577205
Minions,2015,U,6.4,91.0,Animation,56,"Kyle Balda, ","Sandra Bullock, ",250466,1159444662
Captain America: Civil War,2016,UA,7.8,147.0,Action,75,"Anthony Russo, ","Chris Evans, ",823803,1155046416
Aquaman,2018,UA,6.8,143.0,Action,55,James Wan,"Jason Momoa, ",499399,1148528393
The Lord of the Rings: The Return of the King,2003,U,9.0,201.0,Action,94,Peter Jackson,"Elijah Wood, ",1910363,1147633833
Skyfall,2012,UA,7.8,143.0,Action,81,Sam Mendes,"Daniel Craig, ",715509,1142471295
Spider-Man: Far from Home,2019,U,7.4,129.0,Action,69,Jon Watts,"Tom Holland, ",529009,1131927996
Captain Marvel,2019,UA,6.8,123.0,Action,64,"Anna Boden, ","Brie Larson, ",588850,1131416446
Transformers: Dark of the Moon,2011,UA,6.2,154.0,Action,42,Michael Bay,"Shia LaBeouf, ",424316,1123794079
Jurassic Park,1993,UA,8.2,127.0,Action,68,Steven Spielberg,"Sam Neill, ",1030043,1109802321
Transformers: Age of Extinction,2014,UA,5.6,165.0,Action,32,Michael Bay,"Mark Wahlberg, ",325956,1104054072
The Dark Knight Rises,2012,UA,8.4,164.0,Action,78,Christopher Nolan,"Christian Bale, ",1769377,1081169825
Star Wars: Episode IX - The Rise of Skywalker,2019,UA,6.5,141.0,Action,53,J.J. Abrams,"Daisy Ridley, ",474532,1077022372
Joker,2019,A,8.4,122.0,Crime,59,Todd Phillips,"Joaquin Phoenix, ",1391267,1074458282
Toy Story 4,2019,U,7.7,100.0,Animation,84,Josh Cooley,"Tom Hanks, ",267545,1073841394
Toy Story 3,2010,U,8.3,103.0,Animation,92,Lee Unkrich,"Tom Hanks, ",866735,1067316101
Pirates of the Caribbean: Dead Man's Chest,2006,12+,7.4,151.0,Action,53,Gore Verbinski,"Johnny Depp, ",745322,1066179747
Rogue One,2016,UA,7.8,133.0,Action,65,Gareth Edwards,"Felicity Jones, ",665005,1058682142
Aladdin,2019,U,6.9,128.0,Adventure,53,Guy Ritchie,"Will Smith, ",280457,1054304000
Pirates of the Caribbean: On Stranger Tides,2011,UA,6.6,137.0,Action,45,Rob Marshall,"Johnny Depp, ",547807,1046721266
Despicable Me 3,2017,U,6.2,89.0,Animation,49,"Kyle Balda, ","Steve Carell, ",145802,1034800131
Finding Dory,2016,U,7.3,97.0,Animation,77,"Andrew Stanton, ","Ellen DeGeneres, ",291701,1029266989
Star Wars: Episode I - The Phantom Menace,1999,UA,6.5,136.0,Action,51,George Lucas,"Ewan McGregor, ",833168,1027082707
Zootopia,2016,U,8.0,108.0,Animation,78,"Byron Howard, ","Ginnifer Goodwin, ",524735,1025521689
Alice in Wonderland,2010,U,6.4,108.0,Adventure,53,Tim Burton,"Mia Wasikowska, ",429553,1025468216
Harry Potter and the Sorcerer's Stone,2001,U,7.6,152.0,Adventure,65,Chris Columbus,"Daniel Radcliffe, ",821354,1023842938
The Hobbit: An Unexpected Journey,2012,UA,7.8,169.0,Adventure,58,Peter Jackson,"Martin Freeman, ",851015,1017030651
The Dark Knight,2008,UA,9.0,152.0,Action,84,Christopher Nolan,"Christian Bale, ",2768234,1006234167
Jurassic World Dominion,2022,UA,5.6,147.0,Action,38,Colin Trevorrow,"Chris Pratt, ",190200,1001978080
Jumanji: Welcome to the Jungle,2017,UA,6.9,119.0,Action,58,Jake Kasdan,"Dwayne Johnson, ",403702,995339117
Harry Potter and the Deathly Hallows: Part 1,2010,UA,7.7,146.0,Adventure,65,David Yates,"Daniel Radcliffe, ",575904,977070383
Despicable Me 2,2013,U,7.3,98.0,Animation,62,"Pierre Coffin, ","Steve Carell, ",414607,970766005
The Lion King,1994,U,8.5,88.0,Animation,88,"Roger Allers, ","Matthew Broderick, ",1101356,968511805
The Jungle Book,2016,UA,7.4,106.0,Animation,77,Jon Favreau,"Neel Sethi, ",285961,967724775
The Hobbit: The Battle of the Five Armies,2014,UA,7.4,144.0,Adventure,59,Peter Jackson,"Ian McKellen, ",553734,962201338
Pirates of the Caribbean: At World's End,2007,UA,7.1,169.0,Action,50,Gore Verbinski,"Johnny Depp, ",674412,961691209
The Hobbit: The Desolation of Smaug,2013,UA,7.8,161.0,Adventure,66,Peter Jackson,"Ian McKellen, ",685450,959027992
Doctor Strange in the Multiverse of Madness,2022,UA,6.9,126.0,Action,60,Sam Raimi,"Benedict Cumberbatch, ",450569,955775804
The Lord of the Rings: The Two Towers,2002,UA,8.8,179.0,Action,87,Peter Jackson,"Elijah Wood, ",1723860,947944270
Harry Potter and the Order of the Phoenix,2007,UA,7.5,138.0,Action,71,David Yates,"Daniel Radcliffe, ",609340,942278045
Finding Nemo,2003,U,8.2,100.0,Animation,90,"Andrew Stanton, ","Albert Brooks, ",1080044,941637960
Minions: The Rise of Gru,2022,U,6.5,87.0,Animation,56,"Kyle Balda, ","Steve Carell, ",77975,939628210
Harry Potter and the Half-Blood Prince,2009,UA,7.6,153.0,Action,78,David Yates,"Daniel Radcliffe, ",572222,934519387
Shrek 2,2004,U,7.3,93.0,Animation,75,"Andrew Adamson, ","Mike Myers, ",487718,928760770
Harry Potter and the Chamber of Secrets,2002,U,7.4,161.0,Adventure,63,Chris Columbus,"Daniel Radcliffe, ",665587,925668380
Bohemian Rhapsody,2018,UA,7.9,134.0,Biography,49,Bryan Singer,"Rami Malek, ",565455,910809311
The Lord of the Rings: The Fellowship of the Ring,2001,U,8.8,178.0,Action,92,Peter Jackson,"Elijah Wood, ",1938558,898204420
Harry Potter and the Goblet of Fire,2005,UA,7.7,157.0,Adventure,81,Mike Newell,"Daniel Radcliffe, ",655550,896815106
Spider-Man 3,2007,UA,6.3,139.0,Action,59,Sam Raimi,"Tobey Maguire, ",617354,894983373
The Secret Life of Pets,2016,UA,6.5,87.0,Animation,61,Chris Renaud,"Louis C.K., ",211050,894328469
Ice Age: Dawn of the Dinosaurs,2009,U,6.9,94.0,Animation,50,"Carlos Saldanha, ","Ray Romano, ",256412,886686817
Spectre,2015,UA,6.8,148.0,Action,60,Sam Mendes,"Daniel Craig, ",455082,880705312
Spider-Man: Homecoming,2017,U,7.4,133.0,Action,73,Jon Watts,"Tom Holland, ",692915,880166924
Ice Age: Continental Drift,2012,U,6.5,88.0,Animation,49,"Steve Martino, ","Ray Romano, ",218431,877244782
Batman v Superman: Dawn of Justice,2016,UA,6.4,151.0,Action,44,Zack Snyder,"Ben Affleck, ",718938,873637528
Inception,2010,UA,8.8,148.0,Action,74,Christopher Nolan,"Leonardo DiCaprio, ",2457813,870795362
Star Wars: Episode III - Revenge of the Sith,2005,U,7.6,140.0,Action,68,George Lucas,"Hayden Christensen, ",820961,868390560
The Hunger Games: Catching Fire,2013,UA,7.5,146.0,Action,76,Francis Lawrence,"Jennifer Lawrence, ",690931,865011746
Guardians of the Galaxy Vol. 2,2017,UA,7.6,136.0,Action,67,James Gunn,"Chris Pratt, ",732244,863756051
Black Panther: Wakanda Forever,2022,UA,6.7,161.0,Action,67,Ryan Coogler,"Letitia Wright, ",282965,859208836
Inside Out,2015,U,8.1,95.0,Animation,94,"Pete Docter, ","Amy Poehler, ",750247,858848019
Venom,2018,UA,6.6,112.0,Action,35,Ruben Fleischer,"Tom Hardy, ",516150,856085151
Thor: Ragnarok,2017,UA,7.9,130.0,Action,74,Taika Waititi,"Chris Hemsworth, ",788937,855301806
The Twilight Saga: Breaking Dawn - Part 2,2012,UA,5.5,115.0,Adventure,52,Bill Condon,"Kristen Stewart, ",256751,848593948
Transformers: Revenge of the Fallen,2009,UA,5.9,149.0,Action,35,Michael Bay,"Shia LaBeouf, ",420587,836303693
Guardians of the Galaxy Vol. 3,2023,UA,8.0,150.0,Action,64,James Gunn,"Chris Pratt, ",294319,833699752
Spider-Man,2002,U,7.4,121.0,Action,73,Sam Raimi,"Tobey Maguire, ",851160,825025036
Wonder Woman,2017,UA,7.4,141.0,Action,76,Patty Jenkins,"Gal Gadot, ",682135,822854286
Independence Day,1996,UA,7.0,145.0,Action,59,Roland Emmerich,"Will Smith, ",592964,817400891
Coco,2017,U,8.4,105.0,Animation,81,"Lee Unkrich, ","Anthony Gonzalez, ",550353,814337054
Fantastic Beasts and Where to Find Them,2016,UA,7.2,132.0,Adventure,66,David Yates,"Eddie Redmayne, ",493347,814044001
Shrek the Third,2007,U,6.1,93.0,Animation,58,"Chris Miller, ","Mike Myers, ",322449,813367380
Jumanji: The Next Level,2019,UA,6.7,123.0,Action,58,Jake Kasdan,"Dwayne Johnson, ",268958,801693929
Harry Potter and the Prisoner of Azkaban,2004,U,7.9,142.0,Adventure,82,Alfonso Cuarón,"Daniel Radcliffe, ",664595,797660766
Pirates of the Caribbean: Dead Men Tell No Tales,2017,UA,6.5,129.0,Action,39,"Joachim Rønning, ","Johnny Depp, ",330675,795922298
E.T. the Extra-Terrestrial,1982,U,7.9,115.0,Adventure,92,Steven Spielberg,"Henry Thomas, ",425185,792910554
Mission: Impossible - Fallout,2018,U/A,7.7,147.0,Action,86,Christopher McQuarrie,"Tom Cruise, ",362458,791657398
2012,2009,UA,5.8,158.0,Action,49,Roland Emmerich,"John Cusack, ",389252,791217826
Indiana Jones and the Kingdom of the Crystal Skull,2008,U,6.2,122.0,Action,65,Steven Spielberg,"Harrison Ford, ",479323,790653942
Spider-Man 2,2004,U,7.5,127.0,Action,83,Sam Raimi,"Tobey Maguire, ",683657,788976453
Furious 6,2013,UA,7.0,130.0,Action,61,Justin Lin,"Vin Diesel, ",408438,788680968
Deadpool 2,2018,R,7.6,119.0,Action,66,David Leitch,"Ryan Reynolds, ",616320,785896609
Deadpool,2016,R,8.0,108.0,Action,65,Tim Miller,"Ryan Reynolds, ",1084185,782836791
Star Wars,1977,U,8.6,121.0,Action,90,George Lucas,"Mark Hamill, ",1409412,775398007
No Time to Die,2021,UA,7.3,163.0,Action,68,Cary Joji Fukunaga,"Daniel Craig, ",426849,774153007
Interstellar,2014,UA,8.7,169.0,Adventure,74,Christopher Nolan,"Matthew McConaughey, ",1973832,773430538
Guardians of the Galaxy,2014,UA,8.0,121.0,Action,76,James Gunn,"Chris Pratt, ",1239621,773350147
The Batman,2022,UA,7.8,176.0,Action,72,Matt Reeves,"Robert Pattinson, ",723429,770962583
Thor: Love and Thunder,2022,UA,6.2,118.0,Action,57,Taika Waititi,"Chris Hemsworth, ",375544,760928081
Fast & Furious Presents: Hobbs & Shaw,2019,A,6.5,137.0,Action,60,David Leitch,"Dwayne Johnson, ",227156,760732926
The Da Vinci Code,2006,(Banned),6.6,149.0,Mystery,46,Ron Howard,"Tom Hanks, ",448078,760006945
Maleficent,2014,U,6.9,97.0,Adventure,56,Robert Stromberg,"Angelina Jolie, ",390409,759853685
The Amazing Spider-Man,2012,UA,6.9,136.0,Action,66,Marc Webb,"Andrew Garfield, ",681870,757930663
The Hunger Games: Mockingjay - Part 1,2014,UA,6.6,123.0,Action,64,Francis Lawrence,"Jennifer Lawrence, ",477878,755356711
Shrek Forever After,2010,U,6.3,95.0,Animation,58,Mike Mitchell,"Mike Myers, ",217500,752600867
Gravity,2013,UA,7.7,91.0,Drama,96,Alfonso Cuarón,"Sandra Bullock, ",846375,748049949
Madagascar 3: Europe's Most Wanted,2012,U,6.8,95.0,Animation,60,"Eric Darnell, ","Ben Stiller, ",191462,746921274
Suicide Squad,2016,UA,5.9,123.0,Action,40,David Ayer,"Will Smith, ",706183,746846894
X-Men: Days of Future Past,2014,UA,7.9,132.0,Action,75,Bryan Singer,"Patrick Stewart, ",730902,746045700
"The Chronicles of Narnia: The Lion, the Witch and the Wardrobe",2005,U,6.9,143.0,Adventure,75,Andrew Adamson,"Tilda Swinton, ",414198,745013115
Monsters University,2013,U,7.2,104.0,Animation,65,Dan Scanlon,"Billy Crystal, ",376655,743559645
The Matrix Reloaded,2003,UA,7.2,138.0,Action,62,"Lana Wachowski, ","Keanu Reeves, ",614251,741847937
Up,2009,U,8.3,96.0,Animation,88,"Pete Docter, ","Edward Asner, ",1086075,735099102
F9,2021,UA,5.2,143.0,Action,58,Justin Lin,"Vin Diesel, ",153532,726229501
Captain America: The Winter Soldier,2014,UA,7.8,136.0,Action,70,"Anthony Russo, ","Chris Evans, ",877049,714421503
The Twilight Saga: Breaking Dawn - Part 1,2011,A,4.9,117.0,Adventure,45,Bill Condon,"Kristen Stewart, ",248383,712205856
The Twilight Saga: New Moon,2009,UA,4.8,130.0,Adventure,44,Chris Weitz,"Kristen Stewart, ",293175,711025481
Dawn of the Planet of the Apes,2014,UA,7.6,130.0,Action,79,Matt Reeves,"Gary Oldman, ",455731,710644566
Transformers,2007,UA,7.0,144.0,Action,61,Michael Bay,"Shia LaBeouf, ",661868,709709780
The Amazing Spider-Man 2,2014,UA,6.6,142.0,Action,53,Marc Webb,"Andrew Garfield, ",520819,708982323
It,2017,A,7.3,135.0,Horror,69,Andy Muschietti,"Bill Skarsgård, ",579150,701842551
The Twilight Saga: Eclipse,2010,UA,5.1,124.0,Action,58,David Slade,"Kristen Stewart, ",254277,698509825
Mission: Impossible - Ghost Protocol,2011,UA,7.4,132.0,Action,73,Brad Bird,"Tom Cruise, ",515438,694713380
Mamma Mia!,2008,A,6.5,108.0,Comedy,51,Phyllida Lloyd,"Meryl Streep, ",261952,694478392
The Hunger Games,2012,UA,7.2,142.0,Action,68,Gary Ross,"Jennifer Lawrence, ",958786,694394724
Fast X,2023,UA,5.8,141.0,Action,56,Louis Leterrier,"Vin Diesel, ",89328,690857925
Mission: Impossible - Rogue Nation,2015,UA,7.4,131.0,Action,75,Christopher McQuarrie,"Tom Cruise, ",398088,682716636
Moana,2016,U,7.6,107.0,Animation,81,"Ron Clements, ","Auli'i Cravalho, ",358754,682685900
Forrest Gump,1994,UA,8.8,142.0,Drama,82,Robert Zemeckis,"Tom Hanks, ",2168987,678226465
Doctor Strange,2016,UA,7.5,115.0,Action,72,Scott Derrickson,"Benedict Cumberbatch, ",777439,677796076
The Sixth Sense,1999,A,8.2,107.0,Drama,64,M. Night Shyamalan,"Bruce Willis, ",1021469,672806432
Man of Steel,2013,UA,7.1,143.0,Action,55,Zack Snyder,"Henry Cavill, ",795096,668045518
Ice Age: The Meltdown,2006,U,6.8,91.0,Animation,59,Carlos Saldanha,"Ray Romano, ",289177,667094506
Kung Fu Panda 2,2011,U,7.2,90.0,Animation,67,Jennifer Yuh Nelson,"Jack Black, ",303600,665692281
Justice League,2017,UA,6.1,120.0,Action,45,Zack Snyder,"Ben Affleck, ",468213,657926987
Big Hero 6,2014,U,7.8,102.0,Animation,74,"Don Hall, ","Ryan Potter, ",483987,657869686
Fantastic Beasts: The Crimes of Grindelwald,2018,UA,6.5,134.0,Adventure,52,David Yates,"Eddie Redmayne, ",297742,654855901
Pirates of the Caribbean: The Curse of the Black Pearl,2003,UA,8.1,143.0,Action,63,Gore Verbinski,"Johnny Depp, ",1169770,654264015
Men in Black 3,2012,UA,6.8,106.0,Action,58,Barry Sonnenfeld,"Will Smith, ",377129,654213485
Star Wars: Episode II - Attack of the Clones,2002,UA,6.6,142.0,Action,54,George Lucas,"Hayden Christensen, ",737364,653779970
The Hunger Games: Mockingjay - Part 2,2015,UA,6.5,137.0,Action,65,Francis Lawrence,"Jennifer Lawrence, ",348948,653428261
Thor: The Dark World,2013,UA,6.8,112.0,Action,54,Alan Taylor,"Chris Hemsworth, ",707296,644783140
Sing,2016,U,7.1,108.0,Animation,59,"Garth Jennings, ","Matthew McConaughey, ",182218,634338384
Kung Fu Panda,2008,U,7.6,92.0,Animation,74,"Mark Osborne, ","Jack Black, ",496497,632083197
The Incredibles,2004,U,8.0,115.0,Animation,90,Brad Bird,"Craig T. Nelson, ",775496,631607053
The Martian,2015,UA,8.0,144.0,Adventure,80,Ridley Scott,"Matt Damon, ",891350,630620818
Hancock,2008,UA,6.4,92.0,Action,49,Peter Berg,"Will Smith, ",499742,629443428
Fast Five,2011,UA,7.3,130.0,Action,66,Justin Lin,"Vin Diesel, ",397597,626137675
Iron Man 2,2010,UA,6.9,124.0,Action,57,Jon Favreau,"Robert Downey Jr., ",846560,623933331
Ratatouille,2007,U,8.1,111.0,Animation,96,"Brad Bird, ","Brad Garrett, ",783366,623726085
Ant-Man and the Wasp,2018,UA,7.0,118.0,Action,70,Peyton Reed,"Paul Rudd, ",432862,622674139
How to Train Your Dragon 2,2014,U,7.8,102.0,Animation,77,Dean DeBlois,"Jay Baruchel, ",352271,621537519
Logan,2017,A,8.1,137.0,Action,77,James Mangold,"Hugh Jackman, ",800596,619179950
The Lost World: Jurassic Park,1997,UA,6.5,129.0,Action,59,Steven Spielberg,"Jeff Goldblum, ",433381,618638999
Casino Royale,2006,UA,8.0,144.0,Action,80,Martin Campbell,"Daniel Craig, ",677411,616505162
The Passion of the Christ,2004,A,7.2,127.0,Drama,47,Mel Gibson,"Jim Caviezel, ",243522,612054506
Life of Pi,2012,U,7.9,127.0,Adventure,79,Ang Lee,"Suraj Sharma, ",651256,609016565
Ready Player One,2018,UA,7.4,140.0,Action,64,Steven Spielberg,"Tye Sheridan, ",462523,607274134
Transformers: The Last Knight,2017,UA,5.2,154.0,Action,27,Michael Bay,"Mark Wahlberg, ",163255,605425157
Madagascar: Escape 2 Africa,2008,U,6.6,89.0,Animation,61,"Eric Darnell, ","Ben Stiller, ",239511,603900354
War of the Worlds,2005,UA,6.5,116.0,Action,73,Steven Spielberg,"Tom Cruise, ",463977,603873119
Tangled,2010,U,7.7,100.0,Animation,71,"Nathan Greno, ","Mandy Moore, ",476069,592462816
Quantum of Solace,2008,UA,6.6,106.0,Action,58,Marc Forster,"Daniel Craig, ",461480,589580482
Men in Black,1997,UA,7.3,98.0,Action,71,Barry Sonnenfeld,"Tommy Lee Jones, ",592148,589390539
The Croods,2013,U,7.2,98.0,Animation,55,"Kirk DeMicco, ","Nicolas Cage, ",225264,587235983
The Hangover Part II,2011,A,6.5,102.0,Comedy,44,Todd Phillips,"Bradley Cooper, ",519776,586764305
Iron Man,2008,UA,7.9,126.0,Action,79,Jon Favreau,"Robert Downey Jr., ",1095022,585796247
I Am Legend,2007,A,7.2,101.0,Action,65,Francis Lawrence,"Will Smith, ",788808,585410052
"Monsters, Inc.",2001,U,8.1,92.0,Animation,79,"Pete Docter, ","Billy Crystal, ",945733,579707738
Spider-Man: Across the Spider-Verse,2023,U,8.8,140.0,Animation,86,"Joaquim Dos Santos, ","Shameik Moore, ",236423,575424437
Night at the Museum,2006,U,6.5,108.0,Adventure,48,Shawn Levy,"Ben Stiller, ",365103,574481229
Fifty Shades of Grey,2015,(Banned),4.2,125.0,Drama,46,Sam Taylor-Johnson,"Dakota Johnson, ",328671,569651467
Kong: Skull Island,2017,UA,6.7,118.0,Action,62,Jordan Vogt-Roberts,"Tom Hiddleston, ",334482,566652812
The Smurfs,2011,U,5.4,103.0,Animation,30,Raja Gosnell,"Hank Azaria, ",94244,563749323
Cars 2,2011,U,6.2,106.0,Animation,57,"John Lasseter, ","Owen Wilson, ",205958,559852396
King Kong,2005,UA,7.2,187.0,Action,81,Peter Jackson,"Naomi Watts, ",436946,556906378
Puss in Boots,2011,U,6.6,90.0,Animation,65,Chris Miller,"Antonio Banderas, ",185142,554987477
Mei ren yu,2016,R,6.2,94.0,Comedy,69,Stephen Chow,"Chao Deng, ",9845,553810228
Armageddon,1998,UA,6.7,151.0,Action,42,Michael Bay,"Bruce Willis, ",440253,553709788
The Day After Tomorrow,2004,U,6.5,124.0,Action,47,Roland Emmerich,"Dennis Quaid, ",464465,552639571
Ted,2012,A,6.9,106.0,Comedy,62,Seth MacFarlane,"Mark Wahlberg, ",637087,549368315
American Sniper,2014,A,7.3,133.0,Action,72,Clint Eastwood,"Bradley Cooper, ",511694,547459020
Mission: Impossible II,2000,UA,6.1,123.0,Action,59,John Woo,"Tom Cruise, ",365893,546388108
Tang ren jie tan an 2,2018,R,6.1,121.0,Action,48,Sicheng Chen,"Haoran Liu, ",2947,544185156
X-Men: Apocalypse,2016,UA,6.9,144.0,Action,52,Bryan Singer,"James McAvoy, ",450290,543934105
Sherlock Holmes: A Game of Shadows,2011,UA,7.4,129.0,Action,48,Guy Ritchie,"Robert Downey Jr., ",470072,543848418
Despicable Me,2010,U,7.6,95.0,Animation,72,"Pierre Coffin, ","Steve Carell, ",567026,543157985
Cinderella,2015,U,6.9,105.0,Adventure,67,Kenneth Branagh,"Lily James, ",185114,542358331
Madagascar,2005,U,6.9,86.0,Animation,57,"Eric Darnell, ","Chris Rock, ",422785,542063846
World War Z,2013,UA,7.0,116.0,Action,63,Marc Forster,"Brad Pitt, ",696261,540455876
Brave,2012,U,7.1,93.0,Animation,69,"Mark Andrews, ","Kelly Macdonald, ",428726,538983207
Star Wars: Episode V - The Empire Strikes Back,1980,UA,8.7,124.0,Action,82,Irvin Kershner,"Mark Hamill, ",1337554,538375067
The Simpsons Movie,2007,U,7.3,87.0,Animation,80,David Silverman,"Dan Castellaneta, ",342021,536414293
The Revenant,2015,A,8.0,156.0,Action,76,Alejandro G. Iñárritu,"Leonardo DiCaprio, ",840538,532950503
The Meg,2018,UA,5.6,113.0,Action,46,Jon Turteltaub,"Jason Statham, ",192516,530517320
Ralph Breaks the Internet,2018,U,7.0,112.0,Animation,71,"Phil Johnston, ","John C. Reilly, ",173915,529323962
Hotel Transylvania 3: Summer Vacation,2018,U,6.3,97.0,Animation,54,Genndy Tartakovsky,"Adam Sandler, ",80680,528583774
The Boss Baby,2017,U,6.3,97.0,Animation,50,Tom McGrath,"Alec Baldwin, ",135659,527965936
Dunkirk,2017,UA,7.8,106.0,Action,94,Christopher Nolan,"Fionn Whitehead, ",707329,527016307
The Grinch,2018,U,6.4,85.0,Animation,51,"Yarrow Cheney, ","Benedict Cumberbatch, ",79288,526760632
Godzilla,2014,UA,6.4,123.0,Action,62,Gareth Edwards,"Aaron Taylor-Johnson, ",426756,524976069
How to Train Your Dragon: The Hidden World,2019,U,7.4,104.0,Animation,71,Dean DeBlois,"Jay Baruchel, ",141776,524580592
Sherlock Holmes,2009,16,7.6,128.0,Action,57,Guy Ritchie,"Robert Downey Jr., ",653951,524028679
Meet the Fockers,2004,A,6.3,115.0,Comedy,41,Jay Roach,"Ben Stiller, ",280230,522657936
WALL·E,2008,U,8.4,98.0,Animation,95,Andrew Stanton,"Ben Burtt, ",1159820,521311890
Kung Fu Panda 3,2016,U,7.1,95.0,Animation,66,"Alessandro Carloni, ","Jack Black, ",174202,521170825
Terminator 2: Judgment Day,1991,A,8.6,137.0,Action,75,James Cameron,"Arnold Schwarzenegger, ",1137909,520881154
Ant-Man,2015,UA,7.3,117.0,Action,64,Peyton Reed,"Paul Rudd, ",701818,519311965
The Little Mermaid,2023,U,7.2,135.0,Adventure,59,Rob Marshall,"Halle Bailey, ",111549,507224677
Venom: Let There Be Carnage,2021,UA,5.9,97.0,Action,49,Andy Serkis,"Tom Hardy, ",245512,506863592
Ghost,1990,A,7.1,127.0,Drama,52,Jerry Zucker,"Patrick Swayze, ",228094,505703557
Aladdin,1992,U,8.0,90.0,Animation,86,"Ron Clements, ","Scott Weinger, ",445962,504050219
Gladiator,2000,UA,8.5,155.0,Action,67,Ridley Scott,"Russell Crowe, ",1556256,503162313
Rio 2,2014,U,6.3,101.0,Animation,49,Carlos Saldanha,"Jesse Eisenberg, ",96785,498781117
Troy,2004,UA,7.3,163.0,Drama,56,Wolfgang Petersen,"Brad Pitt, ",554111,497409852
Toy Story 2,1999,U,7.9,92.0,Animation,88,"John Lasseter, ","Tom Hanks, ",602740,497375381
How to Train Your Dragon,2010,U,8.1,98.0,Animation,75,"Dean DeBlois, ","Jay Baruchel, ",772578,494879471
Twister,1996,UA,6.5,113.0,Action,68,Jan de Bont,"Helen Hunt, ",205636,494580615
Oz the Great and Powerful,2013,UA,6.3,130.0,Adventure,44,Sam Raimi,"James Franco, ",211992,493311825
Clash of the Titans,2010,UA,5.8,106.0,Action,39,Louis Leterrier,"Sam Worthington, ",288622,493214993
Maleficent: Mistress of Evil,2019,U,6.6,119.0,Adventure,43,Joachim Rønning,"Angelina Jolie, ",113379,491730089
War for the Planet of the Apes,2017,UA,7.4,140.0,Action,82,Matt Reeves,"Andy Serkis, ",270450,490719763
Shrek,2001,U,7.9,90.0,Animation,84,"Andrew Adamson, ","Mike Myers, ",708587,488441368
Mr. & Mrs. Smith,2005,16,6.5,120.0,Action,55,Doug Liman,"Brad Pitt, ",519400,487287646
Angels & Demons,2009,A,6.7,138.0,Action,48,Ron Howard,"Tom Hanks, ",303089,485930816
Teenage Mutant Ninja Turtles,2014,15+,5.8,101.0,Action,31,Jonathan Liebesman,"Megan Fox, ",216514,485004754
Bruce Almighty,2003,UA,6.8,101.0,Comedy,46,Tom Shadyac,"Jim Carrey, ",420634,484592874
The King's Speech,2010,U,8.0,118.0,Biography,88,Tom Hooper,"Colin Firth, ",696078,484068861
Rio,2011,U,6.9,96.0,Animation,63,Carlos Saldanha,"Jesse Eisenberg, ",240329,483866772
Saving Private Ryan,1998,A,8.6,169.0,Drama,91,Steven Spielberg,"Tom Hanks, ",1444326,482349603
Rise of the Planet of the Apes,2011,UA,7.6,105.0,Action,68,Rupert Wyatt,"James Franco, ",544868,481800873
Puss in Boots: The Last Wish,2022,U,7.9,102.0,Animation,73,"Joel Crawford, ","Antonio Banderas, ",151235,480904656
Home Alone,1990,U,7.7,103.0,Comedy,63,Chris Columbus,"Macaulay Culkin, ",610668,476684675
Jaws,1975,A,8.1,124.0,Adventure,87,Steven Spielberg,"Roy Scheider, ",636801,476512065
Ant-Man and the Wasp: Quantumania,2023,UA,6.1,124.0,Action,48,Peyton Reed,"Paul Rudd, ",200119,476071180
Hotel Transylvania 2,2015,U,6.6,89.0,Animation,44,Genndy Tartakovsky,"Adam Sandler, ",136474,475186706
Star Wars: Episode VI - Return of the Jedi,1983,U,8.3,131.0,Action,58,Richard Marquand,"Mark Hamill, ",1090053,475106177
Charlie and the Chocolate Factory,2005,U,6.7,115.0,Adventure,72,Tim Burton,"Johnny Depp, ",504079,474968763
Indiana Jones and the Last Crusade,1989,U,8.2,127.0,Action,65,Steven Spielberg,"Harrison Ford, ",789017,474171806
San Andreas,2015,UA,6.1,114.0,Action,43,Brad Peyton,"Dwayne Johnson, ",249322,474009154
It Chapter Two,2019,A,6.5,169.0,Drama,58,Andy Muschietti,"Jessica Chastain, ",286270,473122525
La La Land,2016,A,8.0,128.0,Comedy,94,Damien Chazelle,"Ryan Gosling, ",630099,471980371
Wreck-It Ralph,2012,U,7.7,101.0,Animation,72,Rich Moore,"John C. Reilly, ",443398,471222889
Godzilla vs. Kong,2021,UA,6.3,113.0,Action,59,Adam Wingard,"Alexander Skarsgård, ",224116,470116094
The Hangover,2009,UA,7.7,100.0,Comedy,73,Todd Phillips,"Zach Galifianakis, ",818219,469328079
Lucy,2014,A,6.4,89.0,Action,61,Luc Besson,"Scarlett Johansson, ",517991,469058574
The Lego Movie,2014,U,7.7,100.0,Animation,83,"Phil Lord, ","Chris Pratt, ",376456,468266122
Bumblebee,2018,UA,6.7,114.0,Action,66,Travis Knight,"Hailee Steinfeld, ",181186,467989645
Star Trek Into Darkness,2013,UA,7.7,132.0,Action,72,J.J. Abrams,"Chris Pine, ",491846,467365246
The Matrix,1999,A,8.7,136.0,Action,73,"Lana Wachowski, ","Keanu Reeves, ",1983466,467222728
Pretty Woman,1990,A,7.1,119.0,Comedy,51,Garry Marshall,"Richard Gere, ",341869,463406268
Cars,2006,U,7.2,117.0,Animation,73,"John Lasseter, ","Owen Wilson, ",447262,461991867
X-Men: The Last Stand,2006,A,6.6,104.0,Action,58,Brett Ratner,"Patrick Stewart, ",530705,460435291
National Treasure: Book of Secrets,2007,U,6.5,124.0,Action,48,Jon Turteltaub,"Nicolas Cage, ",247486,459242249
Mission: Impossible,1996,U,7.1,110.0,Action,59,Brian De Palma,"Tom Cruise, ",455659,457696391
300,2006,A,7.6,117.0,Action,52,Zack Snyder,"Gerard Butler, ",844145,456082343
The Last Samurai,2003,UA,7.8,154.0,Action,55,Edward Zwick,"Tom Cruise, ",457104,454627263
Kimetsu no Yaiba: Mugen Ressha-Hen,2020,UA,8.2,117.0,Animation,72,Haruo Sotozaki,"Natsuki Hanae, ",67219,453210959
Ocean's Eleven,2001,UA,7.7,116.0,Crime,74,Steven Soderbergh,"George Clooney, ",599181,450717150
Pokémon: Detective Pikachu,2019,UA,6.5,104.0,Action,53,Rob Letterman,"Ryan Reynolds, ",176173,449762638
Thor,2011,UA,7.0,115.0,Action,57,Kenneth Branagh,"Chris Hemsworth, ",878787,449326618
Pearl Harbor,2001,UA,6.2,183.0,Action,44,Michael Bay,"Ben Affleck, ",344179,449220945
Tarzan,1999,U,7.3,88.0,Animation,79,"Chris Buck, ","Tony Goldwyn, ",238545,448191819
Men in Black II,2002,UA,6.2,88.0,Action,49,Barry Sonnenfeld,"Tommy Lee Jones, ",391664,445135288
The Bourne Ultimatum,2007,UA,8.0,115.0,Action,85,Paul Greengrass,"Matt Damon, ",648185,444100035
The Mummy Returns,2001,A,6.4,130.0,Action,48,Stephen Sommers,"Brendan Fraser, ",338065,443280904
Alvin and the Chipmunks: The Squeakquel,2009,U,4.5,88.0,Animation,41,Betty Thomas,"Jason Lee, ",52411,443140005
Les Misérables,2012,A,7.5,158.0,Drama,63,Tom Hooper,"Hugh Jackman, ",339287,442299309
The Exorcist,1973,A,8.1,122.0,Horror,81,William Friedkin,"Ellen Burstyn, ",429070,441306145
Mrs. Doubtfire,1993,U,7.1,125.0,Comedy,53,Chris Columbus,"Robin Williams, ",280545,441286195
Terminator Genisys,2015,UA,6.3,126.0,Action,38,Alan Taylor,"Arnold Schwarzenegger, ",287186,440603537
Warcraft,2016,UA,6.7,123.0,Action,32,Duncan Jones,"Travis Fimmel, ",272671,439048914
A Star Is Born,2018,A,7.6,136.0,Drama,88,Bradley Cooper,"Lady Gaga, ",403830,436233122
The Greatest Showman,2017,UA,7.5,105.0,Biography,48,Michael Gracey,"Hugh Jackman, ",297909,435732529
Terminator 3: Rise of the Machines,2003,UA,6.3,109.0,Action,66,Jonathan Mostow,"Arnold Schwarzenegger, ",411199,433371112
Shang-Chi and the Legend of the Ten Rings,2021,UA,7.4,132.0,Action,71,Destin Daniel Cretton,"Simu Liu, ",412827,432243292
Die Another Day,2002,A,6.1,133.0,Action,56,Lee Tamahori,"Pierce Brosnan, ",224931,431971116
The Secret Life of Pets 2,2019,U,6.4,86.0,Animation,55,"Chris Renaud, ","Patton Oswalt, ",66370,431058604
Cast Away,2000,UA,7.8,143.0,Adventure,73,Robert Zemeckis,"Tom Hanks, ",617705,429632142
Rampage,2018,UA,6.1,107.0,Action,45,Brad Peyton,"Dwayne Johnson, ",178895,428028233
John Wick: Chapter 4,2023,A,7.8,169.0,Action,78,Chad Stahelski,"Keanu Reeves, ",264970,427653473
The Matrix Revolutions,2003,UA,6.7,129.0,Action,47,"Lana Wachowski, ","Keanu Reeves, ",530304,427344325
The Intouchables,2011,UA,8.5,112.0,Biography,57,"Olivier Nakache, ","François Cluzet, ",894304,426588510
Bad Boys for Life,2020,A,6.5,124.0,Action,59,"Adil El Arbi, ","Will Smith, ",169242,426505244
Django Unchained,2012,A,8.5,165.0,Drama,81,Quentin Tarantino,"Jamie Foxx, ",1627551,426074373
Beauty and the Beast,1991,U,8.0,84.0,Animation,95,"Gary Trousdale, ","Paige O'Hara, ",468859,424967620
Dances with Wolves,1990,U,8.0,181.0,Adventure,72,Kevin Costner,"Kevin Costner, ",280575,424208848
The Chronicles of Narnia: Prince Caspian,2008,U,6.5,150.0,Action,62,Andrew Adamson,"Ben Barnes, ",219159,419665568
Sex and the City,2008,UA,5.7,145.0,Comedy,53,Michael Patrick King,"Sarah Jessica Parker, ",125172,418765519
The Mummy,1999,A,7.1,124.0,Action,48,Stephen Sommers,"Brendan Fraser, ",448152,415933406
The Chronicles of Narnia: The Voyage of the Dawn Treader,2010,U,6.3,113.0,Adventure,53,Michael Apted,"Ben Barnes, ",161378,415686217
Jason Bourne,2016,UA,6.6,123.0,Action,58,Paul Greengrass,"Matt Damon, ",236075,415484914
The Wolverine,2013,UA,6.7,126.0,Action,61,James Mangold,"Hugh Jackman, ",482019,414828246
Kingsman: The Secret Service,2014,A,7.7,129.0,Action,60,Matthew Vaughn,"Colin Firth, ",694876,414351546
Night at the Museum: Battle of the Smithsonian,2009,U,6.0,105.0,Adventure,42,Shawn Levy,"Ben Stiller, ",206454,413106170
Batman,1989,U,7.5,126.0,Action,69,Tim Burton,"Michael Keaton, ",393505,411569241
The Bodyguard,1992,UA,6.3,129.0,Action,39,Mick Jackson,"Kevin Costner, ",142807,411046449
Pacific Rim,2013,UA,6.9,131.0,Action,65,Guillermo del Toro,"Idris Elba, ",518091,411002906
Kingsman: The Golden Circle,2017,A,6.7,141.0,Action,44,Matthew Vaughn,"Taron Egerton, ",348618,410902662
The Mummy,2017,A,5.4,110.0,Action,34,Alex Kurtzman,"Tom Cruise, ",198903,409231607
Ice Age: Collision Course,2016,U,5.6,94.0,Animation,34,"Michael Thurmeier, ","Ray Romano, ",71597,408754975
Twilight,2008,UA,5.3,122.0,Drama,56,Catherine Hardwicke,"Kristen Stewart, ",475491,408430415
Sing 2,2021,U,7.4,110.0,Animation,49,"Garth Jennings, ","Matthew McConaughey, ",78397,408400679
Signs,2002,UA,6.8,106.0,Drama,59,M. Night Shyamalan,"Mel Gibson, ",376366,408247917
X2,2003,UA,7.4,134.0,Action,68,Bryan Singer,"Patrick Stewart, ",565072,407711549
Fantastic Beasts: The Secrets of Dumbledore,2022,UA,6.2,142.0,Adventure,47,David Yates,"Eddie Redmayne, ",157216,407150844
Uncharted,2022,UA,6.3,116.0,Action,45,Ruben Fleischer,"Tom Holland, ",235622,407141258
The Wolf of Wall Street,2013,A,8.2,180.0,Biography,75,Martin Scorsese,"Leonardo DiCaprio, ",1498618,406878233
Sonic the Hedgehog 2,2022,7,6.5,122.0,Action,47,Jeff Fowler,"James Marsden, ",78589,405421518
Alita: Battle Angel,2019,UA,7.3,122.0,Action,53,Robert Rodriguez,"Rosa Salazar, ",283176,404980543
The Mummy: Tomb of the Dragon Emperor,2008,UA,5.2,112.0,Action,31,Rob Cohen,"Brendan Fraser, ",167273,403449830
Prometheus,2012,A,7.0,124.0,Adventure,64,Ridley Scott,"Noomi Rapace, ",627151,403354469
Gone with the Wind,1939,U,8.2,238.0,Drama,97,"Victor Fleming, ","Clark Gable, ",325729,402382193
Mamma Mia! Here We Go Again,2018,UA,6.6,114.0,Comedy,60,Ol Parker,"Lily James, ",103238,402264843
Eternals,2021,UA,6.3,156.0,Action,52,Chloé Zhao,"Gemma Chan, ",367277,402064899
Dune: Part One,2021,UA,8.0,155.0,Action,74,Denis Villeneuve,"Timothée Chalamet, ",709163,402027830
Tron,2010,U,6.8,125.0,Action,49,Joseph Kosinski,"Jeff Bridges, ",348277,400063852
Mission: Impossible III,2006,UA,6.9,126.0,Action,66,J.J. Abrams,"Tom Cruise, ",379195,398479497
Snow White and the Huntsman,2012,UA,6.1,127.0,Action,57,Rupert Sanders,"Kristen Stewart, ",297300,396592829
Grease,1978,A,7.2,110.0,Comedy,70,Randal Kleiser,"John Travolta, ",290444,396271103
Toy Story,1995,U,8.3,81.0,Animation,96,John Lasseter,"Tom Hanks, ",1033428,394436586
Black Adam,2022,UA,6.3,125.0,Action,41,Jaume Collet-Serra,"Dwayne Johnson, ",257258,393252111
Solo: A Star Wars Story,2018,UA,6.9,135.0,Action,62,Ron Howard,"Alden Ehrenreich, ",366093,392924807
Superman Returns,2006,U,6.1,154.0,Action,72,Bryan Singer,"Brandon Routh, ",288632,391081192
Robin Hood: Prince of Thieves,1991,U,6.9,143.0,Action,51,Kevin Reynolds,"Kevin Costner, ",202494,390493908
Raiders of the Lost Ark,1981,A,8.4,115.0,Action,85,Steven Spielberg,"Harrison Ford, ",1009701,389925971
Independence Day: Resurgence,2016,UA,5.2,120.0,Action,32,Roland Emmerich,"Liam Hemsworth, ",185216,389681935
Live Free or Die Hard,2007,UA,7.1,128.0,Action,69,Len Wiseman,"Bruce Willis, ",414525,388156011
Godzilla: King of the Monsters,2019,UA,6.0,132.0,Action,48,Michael Dougherty,"Kyle Chandler, ",193865,386600138
Home,2015,U,6.5,94.0,Animation,55,Tim Johnson,"Jim Parsons, ",108321,386041607
Star Trek,2009,UA,7.9,127.0,Action,82,J.J. Abrams,"Chris Pine, ",613413,385680446
1917,2019,R,8.2,119.0,Action,78,Sam Mendes,"Dean-Charles Chapman, ",637836,384577421
Happy Feet,2006,U,6.4,108.0,Animation,77,"George Miller, ","Elijah Wood, ",194600,384336108
Spider-Man: Into the Spider-Verse,2018,U,8.4,117.0,Animation,87,"Bob Persichetti, ","Shameik Moore, ",623540,384256930
Cars 3,2017,U,6.7,102.0,Animation,59,Brian Fee,"Owen Wilson, ",112547,383930656
Back to the Future,1985,U,8.5,116.0,Adventure,87,Robert Zemeckis,"Michael J. Fox, ",1258406,383336762
Ice Age,2002,U,7.5,81.0,Animation,61,"Chris Wedge, ","Denis Leary, ",502015,383257136
Kimi no na wa.,2016,U,8.4,106.0,Animation,81,Makoto Shinkai,"Ryunosuke Kamiki, ",296494,382238181
Fifty Shades Darker,2017,A,4.6,118.0,Drama,33,James Foley,"Dakota Johnson, ",107647,381545846
Monsters vs. Aliens,2009,U,6.4,94.0,Animation,56,"Rob Letterman, ","Reese Witherspoon, ",171099,381509870
Mad Max: Fury Road,2015,UA,8.1,120.0,Action,90,George Miller,"Tom Hardy, ",1044480,380080290
Black Widow,2021,UA,6.7,134.0,Action,68,Cate Shortland,"Scarlett Johansson, ",405818,379751655
Godzilla,1998,UA,5.4,139.0,Action,32,Roland Emmerich,"Matthew Broderick, ",198678,379014294
True Lies,1994,A,7.3,141.0,Action,63,James Cameron,"Arnold Schwarzenegger, ",272713,378882411
Slumdog Millionaire,2008,UA,8.0,120.0,Crime,84,"Danny Boyle, ","Dev Patel, ",863727,378410542
Once Upon a Time in... Hollywood,2019,A,7.6,161.0,Comedy,83,Quentin Tarantino,"Leonardo DiCaprio, ",795913,377617598
Taken 2,2012,A,6.2,92.0,Action,45,Olivier Megaton,"Liam Neeson, ",316103,376152455
G.I. Joe: Retaliation,2013,UA,5.7,110.0,Action,41,Jon M. Chu,"Dwayne Johnson, ",185292,375740705
Shark Tale,2004,U,6.0,90.0,Animation,48,"Bibo Bergeron, ","Will Smith, ",192813,374583879
What Women Want,2000,A,6.4,127.0,Comedy,47,Nancy Meyers,"Mel Gibson, ",216147,374111707
The Adventures of Tintin,2011,U,7.3,107.0,Animation,68,Steven Spielberg,"Jamie Bell, ",238391,373993951
Batman Begins,2005,UA,8.2,140.0,Action,70,Christopher Nolan,"Christian Bale, ",1528393,373672993
Penguins of Madagascar,2014,PG,6.6,92.0,Animation,53,"Eric Darnell, ","Tom McGrath, ",97764,373515621
X-Men Origins: Wolverine,2009,UA,6.5,107.0,Action,40,Gavin Hood,"Hugh Jackman, ",519677,373062864
The Golden Compass,2007,UA,6.1,113.0,Adventure,51,Chris Weitz,"Nicole Kidman, ",193564,372234864
Fifty Shades Freed,2018,18,4.5,105.0,Drama,31,James Foley,"Dakota Johnson, ",70296,371985018
Hitch,2005,U,6.6,118.0,Comedy,58,Andy Tennant,"Will Smith, ",327816,371594210
Terminator Salvation,2009,UA,6.5,115.0,Action,49,McG,"Christian Bale, ",371448,371353001
Captain America: The First Avenger,2011,13,6.9,124.0,Action,66,Joe Johnston,"Chris Evans, ",874420,370569774
Edge of Tomorrow,2014,UA,7.9,113.0,Action,71,Doug Liman,"Tom Cruise, ",710171,370541256
There's Something About Mary,1998,A,7.1,119.0,Comedy,69,"Bobby Farrelly, ","Cameron Diaz, ",321583,369884651
Gone Girl,2014,A,8.1,149.0,Drama,79,David Fincher,"Ben Affleck, ",1024729,369330363
The Fugitive,1993,U,7.8,130.0,Action,87,Andrew Davis,"Harrison Ford, ",308318,368875760
Jurassic Park III,2001,UA,5.9,92.0,Action,42,Joe Johnston,"Sam Neill, ",333572,368780809
My Big Fat Greek Wedding,2002,U,6.6,95.0,Comedy,62,Joel Zwick,"Nia Vardalos, ",138706,368744044
Shazam!,2019,UA,7.0,132.0,Action,71,David F. Sandberg,"Zachary Levi, ",371164,367799011
Die Hard with a Vengeance,1995,A,7.6,128.0,Action,58,John McTiernan,"Bruce Willis, ",398813,366101666
The Nun,2018,A,5.3,96.0,Horror,46,Corin Hardy,"Demián Bichir, ",151705,365582797
Alvin and the Chipmunks,2007,U,5.2,92.0,Animation,39,Tim Hill,"Jason Lee, ",91362,365352546
Tenet,2020,UA,7.3,150.0,Action,69,Christopher Nolan,"John David Washington, ",554576,365304105
Notting Hill,1999,U,7.2,124.0,Comedy,68,Roger Michell,"Hugh Grant, ",328260,363889678
A Bug's Life,1998,U,7.2,95.0,Animation,77,"John Lasseter, ","Kevin Spacey, ",305386,363258859
Night at the Museum: Secret of the Tomb,2014,U,6.2,98.0,Adventure,47,Shawn Levy,"Ben Stiller, ",130637,363204635
Ocean's Twelve,2004,UA,6.5,125.0,Crime,58,Steven Soderbergh,"George Clooney, ",404417,362744280
Planet of the Apes,2001,UA,5.7,120.0,Action,50,Tim Burton,"Mark Wahlberg, ",224732,362211740
The Hangover Part III,2013,A,5.8,100.0,Comedy,30,Todd Phillips,"Bradley Cooper, ",326811,362000072
The World Is Not Enough,1999,A,6.4,128.0,Action,57,Michael Apted,"Pierce Brosnan, ",206131,361832400
Zhuo yao ji 2,2018,UA,5.4,110.0,Adventure,63,Raman Hui,"Tony Leung Chiu-wai, ",1940,361682618
Fast & Furious,2009,UA,6.5,107.0,Action,46,Justin Lin,"Vin Diesel, ",302366,360366870
Noah,2014,UA,5.8,138.0,Action,68,Darren Aronofsky,"Russell Crowe, ",262185,359200044
The Karate Kid,2010,U,6.2,140.0,Action,61,Harald Zwart,"Jackie Chan, ",197227,359126022
Home Alone 2: Lost in New York,1992,U,6.8,120.0,Adventure,46,Chris Columbus,"Macaulay Culkin, ",379285,358994850
Hotel Transylvania,2012,UA,7.0,91.0,Animation,47,Genndy Tartakovsky,"Adam Sandler, ",269982,358375603
Minority Report,2002,A,7.6,145.0,Action,80,Steven Spielberg,"Tom Cruise, ",570321,358372926
Top Gun,1986,U,6.9,109.0,Action,50,Tony Scott,"Tom Cruise, ",482507,357288178
Sen to Chihiro no kamikakushi,2001,U,8.6,125.0,Animation,96,Hayao Miyazaki,"Daveigh Chase, ",805552,357277400
The Legend of Tarzan,2016,UA,6.2,110.0,Action,44,David Yates,"Alexander Skarsgård, ",182893,356700357
American Beauty,1999,UA,8.3,122.0,Drama,84,Sam Mendes,"Kevin Spacey, ",1183110,356296601
Apollo 13,1995,U,7.7,140.0,Adventure,77,Ron Howard,"Tom Hanks, ",306570,355237933
Rain Man,1988,U,8.0,133.0,Drama,65,Barry Levinson,"Dustin Hoffman, ",532392,354825435
The Great Gatsby,2013,A,7.2,143.0,Drama,55,Baz Luhrmann,"Leonardo DiCaprio, ",573863,353659851
Dumbo,2019,U,6.3,112.0,Adventure,51,Tim Burton,"Colin Farrell, ",80164,353284621
"I, Robot",2004,UA,7.1,115.0,Action,59,Alex Proyas,"Will Smith, ",560221,353133898
Basic Instinct,1992,A,7.0,127.0,Drama,43,Paul Verhoeven,"Michael Douglas, ",211184,352927224
Murder on the Orient Express,2017,UA,6.5,114.0,Crime,52,Kenneth Branagh,"Kenneth Branagh, ",272838,352794081
X: First Class,2011,UA,7.7,131.0,Action,65,Matthew Vaughn,"James McAvoy, ",710182,352616690
Angry Birds,2016,UA,6.3,97.0,Animation,43,"Clay Kaytis, ","Jason Sudeikis, ",99639,352333929
GoldenEye,1995,UA,7.2,130.0,Action,65,Martin Campbell,"Pierce Brosnan, ",264801,352194034
Catch Me If You Can,2002,A,8.1,141.0,Biography,75,Steven Spielberg,"Leonardo DiCaprio, ",1042623,352114312
Now You See Me,2013,UA,7.2,115.0,Crime,50,Louis Leterrier,"Jesse Eisenberg, ",686428,351723989
Hannibal,2001,R,6.8,131.0,Crime,57,Ridley Scott,"Anthony Hopkins, ",285309,351692268
The Mask,1994,U,6.9,101.0,Action,56,Chuck Russell,"Jim Carrey, ",404626,351583407
Peter Rabbit,2018,U,6.6,95.0,Adventure,51,Will Gluck,"James Corden, ",46121,351496066
Speed,1994,A,7.3,116.0,Action,78,Jan de Bont,"Keanu Reeves, ",380801,350448145
Dinosaur,2000,PG,6.4,82.0,Animation,56,"Eric Leighton, ","D.B. Sweeney, ",64849,349822765
Mary Poppins Returns,2018,U,6.7,130.0,Adventure,66,Rob Marshall,"Emily Blunt, ",92404,349546142
Deep Impact,1998,UA,6.2,120.0,Action,40,Mimi Leder,"Robert Duvall, ",185209,349464664
Transformers: Rise of the Beasts,2023,UA,6.1,127.0,Action,42,Steven Caple Jr.,"Anthony Ramos, ",74444,349330066
The Lorax,2012,U,6.4,86.0,Animation,46,"Chris Renaud, ","Zac Efron, ",124173,349183316
The Maze Runner,2014,UA,6.8,113.0,Action,57,Wes Ball,"Dylan O'Brien, ",490499,348319861
The Smurfs 2,2013,U,5.3,105.0,Animation,34,Raja Gosnell,"Neil Patrick Harris, ",44581,347545360
National Treasure,2004,U,6.9,131.0,Action,40,Jon Turteltaub,"Nicolas Cage, ",346028,347512318
Rush Hour 2,2001,UA,6.7,90.0,Action,48,Brett Ratner,"Jackie Chan, ",231866,347325802
Trolls,2016,U,6.4,92.0,Animation,55,"Mike Mitchell, ","Anna Kendrick, ",87232,347182886
xXx: Return of Xander Cage,2017,UA,5.2,107.0,Action,42,D.J. Caruso,"Vin Diesel, ",95348,346118277
Pocahontas,1995,U,6.7,81.0,Animation,58,"Mike Gabriel, ","Mel Gibson, ",196727,346079773
How the Grinch Stole Christmas,2000,U,6.3,104.0,Comedy,46,Ron Howard,"Jim Carrey, ",270971,345823032
Star Trek Beyond,2016,UA,7.0,122.0,Action,68,Justin Lin,"Chris Pine, ",253803,343471816
Alvin and the Chipmunks: Chipwrecked,2011,U,4.3,87.0,Animation,24,Mike Mitchell,"Justin Long, ",37977,342695435
Wanted,2008,A,6.7,110.0,Action,64,Timur Bekmambetov,"Angelina Jolie, ",400907,342463063
The Flintstones,1994,U,5.0,91.0,Comedy,38,Brian Levant,"John Goodman, ",84046,341631208
A Quiet Place,2018,A,7.5,90.0,Drama,82,John Krasinski,"Emily Blunt, ",559397,340952971
Enchanted,2007,U,7.1,107.0,Animation,75,Kevin Lima,"Amy Adams, ",212398,340487836
Over the Hedge,2006,U,6.7,83.0,Animation,67,"Tim Johnson, ","Bruce Willis, ",184615,339795890
300: Rise of an Empire,2014,R,6.2,102.0,Action,48,Noam Murro,"Sullivan Stapleton, ",310041,337580051
Batman Forever,1995,UA,5.4,121.0,Action,51,Joel Schumacher,"Val Kilmer, ",261196,336567158
Prince of Persia: The Sands of Time,2010,UA,6.6,116.0,Action,50,Mike Newell,"Jake Gyllenhaal, ",298241,336365676
The Curious Case of Benjamin Button,2008,UA,7.8,166.0,Drama,70,David Fincher,"Brad Pitt, ",675746,335802786
Journey 2: The Mysterious Island,2012,U,5.7,94.0,Action,41,Brad Peyton,"Josh Hutcherson, ",109061,335287748
The Rock,1996,A,7.4,136.0,Action,58,Michael Bay,"Sean Connery, ",350093,335062621
The Great Wall,2016,PG-13,5.9,103.0,Action,42,Yimou Zhang,"Matt Damon, ",142335,334933831
Now You See Me 2,2016,UA,6.4,129.0,Action,46,Jon M. Chu,"Jesse Eisenberg, ",308327,334897606
Bridget Jones's Diary,2001,A,6.8,97.0,Comedy,66,Sharon Maguire,"Renée Zellweger, ",254200,334272563
Fantastic Four,2005,UA,5.7,106.0,Action,40,Tim Story,"Ioan Gruffudd, ",338229,333535934
Indiana Jones and the Temple of Doom,1984,(Banned),7.5,118.0,Action,57,Steven Spielberg,"Harrison Ford, ",520296,333107271
Tomorrow Never Dies,1997,U,6.5,119.0,Action,52,Roger Spottiswoode,"Pierce Brosnan, ",200698,333011068
Back to the Future Part II,1989,U,7.8,108.0,Adventure,57,Robert Zemeckis,"Michael J. Fox, ",555592,332500002
The Good Dinosaur,2015,U,6.7,93.0,Animation,66,Peter Sohn,"Jeffrey Wright, ",122744,332207671
Free Guy,2021,UA,7.1,115.0,Action,62,Shawn Levy,"Ryan Reynolds, ",399873,331526598
22 Jump Street,2014,A,7.0,112.0,Action,71,"Phil Lord, ","Channing Tatum, ",394076,331333876
Meet the Parents,2000,UA,7.0,108.0,Comedy,73,Jay Roach,"Ben Stiller, ",346428,330444045
Who Framed Roger Rabbit,1988,U,7.7,104.0,Animation,83,Robert Zemeckis,"Bob Hoskins, ",210477,329803958
Black Swan,2010,A,8.0,108.0,Drama,79,Darren Aronofsky,"Natalie Portman, ",797438,329398046
The Perfect Storm,2000,UA,6.5,130.0,Action,59,Wolfgang Petersen,"George Clooney, ",174065,328718434
John Wick: Chapter 3 - Parabellum,2019,A,7.4,130.0,Action,73,Chad Stahelski,"Keanu Reeves, ",402997,328349387
Crocodile Dundee,1986,U,6.6,97.0,Action,62,Peter Faiman,"Paul Hogan, ",111486,328203506
Se7en,1995,A,8.6,127.0,Crime,65,David Fincher,"Morgan Freeman, ",1725828,327333559
The Devil Wears Prada,2006,UA,6.9,109.0,Comedy,62,David Frankel,"Anne Hathaway, ",441718,326706115
Taken 3,2014,A,6.0,108.0,Action,26,Olivier Megaton,"Liam Neeson, ",199674,326479141
The Hunchback of Notre Dame,1996,U,7.0,91.0,Animation,74,"Gary Trousdale, ","Demi Moore, ",166137,325338851
A Christmas Carol,2009,U,6.8,96.0,Animation,55,Robert Zemeckis,"Jim Carrey, ",123515,325286646
The SpongeBob Movie: Sponge Out of Water,2015,PG,6.0,92.0,Animation,62,"Paul Tibbitt, ","Tom Kenny, ",59098,325186032
Schindler's List,1993,A,9.0,195.0,Biography,95,Steven Spielberg,"Liam Neeson, ",1402622,322161245
Megamind,2010,U,7.3,95.0,Animation,63,Tom McGrath,"Will Ferrell, ",281753,321885765
The Conjuring 2,2016,UA,7.3,134.0,Horror,65,James Wan,"Vera Farmiga, ",287056,321834351
Green Book,2018,UA,8.2,130.0,Biography,69,Peter Farrelly,"Viggo Mortensen, ",531706,321752656
Lethal Weapon 3,1992,UA,6.7,118.0,Action,40,Richard Donner,"Mel Gibson, ",174589,321731527
Robin Hood,2010,PG-13,6.6,140.0,Action,53,Ridley Scott,"Russell Crowe, ",277168,321669741
Inglourious Basterds,2009,A,8.3,153.0,Adventure,69,Quentin Tarantino,"Brad Pitt, ",1517768,321457747
The Conjuring,2013,A,7.5,112.0,Horror,68,James Wan,"Patrick Wilson, ",532830,320406242
Fatal Attraction,1987,A,6.9,119.0,Drama,67,Adrian Lyne,"Michael Douglas, ",93281,320145693
Sonic the Hedgehog,2020,U,6.5,99.0,Action,47,Jeff Fowler,"Ben Schwartz, ",151602,319715683
The Last Airbender,2010,U,4.0,103.0,Action,20,M. Night Shyamalan,"Noah Ringer, ",168499,319713881
The Proposal,2009,A,6.7,108.0,Comedy,48,Anne Fletcher,"Sandra Bullock, ",343413,317375031
The Polar Express,2004,U,6.6,100.0,Animation,61,Robert Zemeckis,"Tom Hanks, ",225157,316897787
A Beautiful Mind,2001,UA,8.2,135.0,Biography,72,Ron Howard,"Russell Crowe, ",960276,316791257
Beverly Hills Cop,1984,A,7.3,105.0,Action,66,Martin Brest,"Eddie Murphy, ",193769,316360478
Air Force One,1997,UA,6.5,124.0,Action,61,Wolfgang Petersen,"Harrison Ford, ",204854,315156409
Wonder,2017,U,7.9,113.0,Drama,66,Stephen Chbosky,"Jacob Tremblay, ",172557,315025930
The Expendables 2,2012,A,6.6,103.0,Action,51,Simon West,"Sylvester Stallone, ",315533,314975955
Chicken Little,2005,7,5.7,81.0,Animation,48,Mark Dindal,"Zach Braff, ",97627,314432837
As Good as It Gets,1997,A,7.7,139.0,Comedy,67,James L. Brooks,"Jack Nicholson, ",310249,314178011
Knives Out,2019,UA,7.9,130.0,Comedy,82,Rian Johnson,"Daniel Craig, ",737949,312897920
Maze Runner: The Scorch Trials,2015,UA,6.3,131.0,Action,43,Wes Ball,"Dylan O'Brien, ",264937,312296056
Resident Evil: The Final Chapter,2016,A,5.5,107.0,Action,49,Paul W.S. Anderson,"Milla Jovovich, ",98346,312242626
The Lego Batman Movie,2017,U,7.3,104.0,Animation,75,Chris McKay,"Will Arnett, ",165057,312136671
Austin Powers: The Spy Who Shagged Me,1999,UA,6.6,95.0,Action,59,Jay Roach,"Mike Myers, ",242659,312016928
Ocean's Thirteen,2007,UA,6.9,122.0,Crime,62,Steven Soderbergh,"George Clooney, ",359215,311312624
Little Fockers,2010,A,5.5,98.0,Comedy,27,Paul Weitz,"Ben Stiller, ",116531,310650585
Bolt,2008,U,6.8,96.0,Animation,67,"Byron Howard, ","John Travolta, ",221874,309979994
Ransom,1996,UA,6.7,121.0,Action,60,Ron Howard,"Mel Gibson, ",132520,309492681
Runaway Bride,1999,PG,5.6,116.0,Comedy,39,Garry Marshall,"Julia Roberts, ",101969,309460292
The Blind Side,2009,UA,7.6,129.0,Biography,53,John Lee Hancock,"Quinton Aaron, ",349955,309231694
The Fault in Our Stars,2014,UA,7.7,126.0,Drama,69,Josh Boone,"Shailene Woodley, ",391317,307166834
The Pursuit of Happyness,2006,U,8.0,117.0,Biography,64,Gabriele Muccino,"Will Smith, ",539773,307127625
Rise of the Guardians,2012,U,7.2,97.0,Animation,58,Peter Ramsey,"Hugh Jackman, ",186152,306941670
Close Encounters of the Third Kind,1977,U,7.6,138.0,Drama,90,Steven Spielberg,"Richard Dreyfuss, ",210818,306889114
Chicago,2002,A,7.2,113.0,Comedy,81,Rob Marshall,"Renée Zellweger, ",237239,306776732
Annabelle: Creation,2017,A,6.5,109.0,Horror,62,David F. Sandberg,"Anthony LaPaglia, ",143836,306515884
Bridesmaids,2011,UA 16+,6.8,125.0,Comedy,75,Paul Feig,"Kristen Wiig, ",302759,306442085
Skyscraper,2018,UA,5.8,102.0,Action,51,Rawson Marshall Thurber,"Dwayne Johnson, ",129371,304868961
A Good Day to Die Hard,2013,UA,5.2,98.0,Action,28,John Moore,"Bruce Willis, ",211816,304654182
Mulan,1998,U,7.6,87.0,Animation,71,"Tony Bancroft, ","Ming-Na Wen, ",303961,304320254
Passengers,2016,UA,7.0,116.0,Drama,41,Morten Tyldum,"Jennifer Lawrence, ",428049,303144152
Battleship,2012,UA,5.8,131.0,Action,41,Peter Berg,"Alexander Skarsgård, ",253853,303025485
Liar Liar,1997,UA,6.9,86.0,Comedy,70,Tom Shadyac,"Jim Carrey, ",323714,302710615
G.I. Joe: The Rise of Cobra,2009,UA,5.7,118.0,Action,32,Stephen Sommers,"Dennis Quaid, ",212843,302469017
Wrath of the Titans,2012,UA,5.7,99.0,Action,37,Jonathan Liebesman,"Sam Worthington, ",193078,301970083
4: Rise of the Silver Surfer,2007,U,5.6,92.0,Action,45,Tim Story,"Ioan Gruffudd, ",272970,301913131
Hook,1991,U,6.8,142.0,Adventure,52,Steven Spielberg,"Dustin Hoffman, ",265873,300854823
Superman,1978,U,7.4,143.0,Action,82,Richard Donner,"Christopher Reeve, ",182840,300478449
Rocky IV,1985,U,6.9,91.0,Drama,40,Sylvester Stallone,"Sylvester Stallone, ",219503,300473716
Resident Evil: Afterlife,2010,UA,5.8,96.0,Action,37,Paul W.S. Anderson,"Milla Jovovich, ",176208,300228084
Van Helsing,2004,UA,6.0,131.0,Action,35,Stephen Sommers,"Hugh Jackman, ",277310,300157638
Stuart Little,1999,U,6.0,84.0,Adventure,61,Rob Minkoff,"Michael J. Fox, ",143668,300135367
Beverly Hills Cop II,1987,A,6.5,100.0,Action,48,Tony Scott,"Eddie Murphy, ",125664,299965036
Alice Through the Looking Glass,2016,U,6.2,113.0,Adventure,34,James Bobin,"Mia Wasikowska, ",116816,299820798
My Best Friend's Wedding,1997,UA,6.3,105.0,Comedy,50,P.J. Hogan,"Julia Roberts, ",149427,299288605
Real Steel,2011,UA,7.1,127.0,Action,56,Shawn Levy,"Hugh Jackman, ",345103,299268508
Horton Hears a Who!,2008,U,6.8,86.0,Animation,71,"Jimmy Hayward, ","Jim Carrey, ",146870,298572799
Ocean's Eight,2018,UA,6.3,110.0,Action,61,Gary Ross,"Sandra Bullock, ",232980,297795726
A Quiet Place Part II,2020,A,7.2,97.0,Drama,71,John Krasinski,"Emily Blunt, ",256135,297372261
Insurgent,2015,UA,6.2,119.0,Action,42,Robert Schwentke,"Shailene Woodley, ",247783,297002527
Look Who's Talking,1989,U,5.9,93.0,Comedy,51,Amy Heckerling,"John Travolta, ",85366,296999813
Austin Powers in Goldmember,2002,UA,6.2,94.0,Action,62,Jay Roach,"Mike Myers, ",217882,296938801
Ghostbusters,1984,UA,7.8,105.0,Action,71,Ivan Reitman,"Bill Murray, ",430343,296578797
Miss Peregrine's Home for Peculiar Children,2016,U,6.7,127.0,Adventure,57,Tim Burton,"Eva Green, ",182021,296482446
X-Men,2000,UA,7.3,104.0,Action,64,Bryan Singer,"Patrick Stewart, ",632584,296339528
Ferdinand,2017,UA,6.7,108.0,Animation,58,Carlos Saldanha,"John Cena, ",61161,296069199
Shutter Island,2010,A,8.2,138.0,Mystery,63,Martin Scorsese,"Leonardo DiCaprio, ",1388445,294805697
Doctor Dolittle,1998,PG-13,5.4,85.0,Comedy,46,Betty Thomas,"Eddie Murphy, ",100158,294456605
Bee Movie,2007,U,6.1,91.0,Animation,54,"Simon J. Smith, ","Jerry Seinfeld, ",172987,293514336
Salt,2010,UA,6.4,100.0,Action,65,Phillip Noyce,"Angelina Jolie, ",324070,293503354
G-Force,2009,PG,5.1,88.0,Animation,41,Hoyt Yeatman,"Will Arnett, ",48709,292817898
The Departed,2006,A,8.5,151.0,Crime,85,Martin Scorsese,"Leonardo DiCaprio, ",1374906,291480452
What Lies Beneath,2000,A,6.6,130.0,Drama,51,Robert Zemeckis,"Harrison Ford, ",132056,291420351
Pacific Rim: Uprising,2018,UA,5.6,111.0,Action,44,Steven S. DeKnight,"John Boyega, ",123063,290930148
The Bourne Supremacy,2004,A,7.7,108.0,Action,73,Paul Greengrass,"Matt Damon, ",477212,290835269
Sex and the City 2,2010,A,4.5,146.0,Comedy,27,Michael Patrick King,"Sarah Jessica Parker, ",82395,290745055
Shakespeare in Love,1998,UA,7.1,123.0,Comedy,87,John Madden,"Gwyneth Paltrow, ",230539,289317794
Divergent,2014,UA,6.6,139.0,Action,48,Neil Burger,"Shailene Woodley, ",476002,288885818
Coming to America,1988,UA,7.1,117.0,Comedy,47,John Landis,"Eddie Murphy, ",216842,288752301
Elvis,2022,UA,7.3,159.0,Biography,64,Baz Luhrmann,"Tom Hanks, ",214366,288670284
Wedding Crashers,2005,UA,7.0,119.0,Comedy,64,David Dobkin,"Owen Wilson, ",367686,288485135
Maze Runner: The Death Cure,2018,UA,6.2,143.0,Action,50,Wes Ball,"Dylan O'Brien, ",153223,288175335
Casper,1995,U,6.1,100.0,Comedy,49,Brad Silberling,"Bill Pullman, ",140634,287928194
American Pie 2,2001,18,6.4,108.0,Comedy,43,J.B. Rogers,"Jason Biggs, ",264663,287553595
Pitch Perfect 2,2015,UA,6.4,115.0,Comedy,63,Elizabeth Banks,"Anna Kendrick, ",165561,287144079
The Green Mile,1999,UA,8.6,189.0,Crime,61,Frank Darabont,"Tom Hanks, ",1355276,286801374
Oblivion,2013,UA,7.0,124.0,Action,54,Joseph Kosinski,"Tom Cruise, ",541759,286168572
Elysium,2013,A,6.6,109.0,Action,61,Neill Blomkamp,"Matt Damon, ",461283,286140700
Lethal Weapon 4,1998,A,6.6,127.0,Action,37,Richard Donner,"Mel Gibson, ",168781,285444603
John Carter,2012,UA,6.6,132.0,Action,51,Andrew Stanton,"Taylor Kitsch, ",280909,284139100
Turbo,2013,U,6.4,96.0,Animation,58,David Soren,"Ryan Reynolds, ",105684,282570682
Paddington,2014,U,7.3,95.0,Adventure,77,Paul King,"Hugh Bonneville, ",125903,282422653
The Tourist,2010,UA,6.0,103.0,Action,37,Florian Henckel von Donnersmarck,"Johnny Depp, ",251193,278780441
Split,2016,UA,7.3,117.0,Horror,63,M. Night Shyamalan,"James McAvoy, ",526337,278454417
Scary Movie,2000,15+,6.2,88.0,Comedy,48,Keenen Ivory Wayans,"Anna Faris, ",274837,278019771
xXx,2002,UA,5.8,124.0,Action,48,Rob Cohen,"Vin Diesel, ",183964,277448382
The Bourne Legacy,2012,UA,6.6,135.0,Action,61,Tony Gilroy,"Jeremy Renner, ",310527,276144750
Mr. Peabody & Sherman,2014,U,6.8,92.0,Animation,59,Rob Minkoff,"Ty Burrell, ",75248,275698039
Scooby-Doo,2002,U,5.2,89.0,Adventure,35,Raja Gosnell,"Matthew Lillard, ",120401,275678613
Lincoln,2012,U,7.3,150.0,Biography,87,Steven Spielberg,"Daniel Day-Lewis, ",267516,275293450
Creed III,2023,UA,6.8,116.0,Drama,73,Michael B. Jordan,"Michael B. Jordan, ",81058,275248615
Lara Croft: Tomb Raider,2001,U,5.7,100.0,Action,33,Simon West,"Angelina Jolie, ",215034,274703340
Tomb Raider,2018,UA,6.3,119.0,Action,48,Roar Uthaug,"Alicia Vikander, ",221520,274650803
The Expendables,2010,A,6.4,103.0,Action,45,Sylvester Stallone,"Sylvester Stallone, ",356020,274470394
Cloudy with a Chance of Meatballs 2,2013,U,6.3,95.0,Animation,59,"Cody Cameron, ","Bill Hader, ",110493,274325949
The Nutty Professor,1996,A,5.7,95.0,Comedy,62,Tom Shadyac,"Eddie Murphy, ",121169,273961019
Jerry Maguire,1996,U,7.3,139.0,Comedy,77,Cameron Crowe,"Tom Cruise, ",278932,273552592
Bad Boys II,2003,UA,6.6,147.0,Action,38,Michael Bay,"Will Smith, ",260713,273339556
Lilo & Stitch,2002,U,7.3,85.0,Animation,74,"Dean DeBlois, ","Daveigh Chase, ",203322,273144151
The Silence of the Lambs,1991,A,8.6,118.0,Crime,86,Jonathan Demme,"Jodie Foster, ",1487559,272742922
Grown Ups,2010,A,6.0,102.0,Comedy,30,Dennis Dugan,"Adam Sandler, ",264459,271457301
Neighbors,2014,15+,6.3,97.0,Comedy,68,Nicholas Stoller,"Seth Rogen, ",322105,270665134
The Firm,1993,UA,6.8,154.0,Drama,58,Sydney Pollack,"Tom Cruise, ",142074,270248367
We're the Millers,2013,A,7.0,110.0,Comedy,44,Rawson Marshall Thurber,"Jason Sudeikis, ",472203,269994119
Gran Torino,2008,UA,8.1,116.0,Drama,72,Clint Eastwood,"Clint Eastwood, ",796461,269958228
"10,000 BC",2008,UA,5.1,109.0,Action,34,Roland Emmerich,"Camilla Belle, ",133963,269784201
American Gangster,2007,A,7.8,157.0,Biography,76,Ridley Scott,"Denzel Washington, ",440713,269755430
Epic,2013,U,6.6,102.0,Animation,52,Chris Wedge,"Amanda Seyfried, ",108194,268426634
Exodus: Gods and Kings,2014,UA,6.0,150.0,Action,52,Ridley Scott,"Christian Bale, ",174045,268175631
Blade Runner 2049,2017,UA,8.0,164.0,Action,81,Denis Villeneuve,"Harrison Ford, ",619806,267770708
Bambi,1942,U,7.3,69.0,Animation,91,"James Algar, ","Hardie Albright, ",149707,267447150
Batman Returns,1992,U,7.1,126.0,Action,68,Tim Burton,"Michael Keaton, ",318313,266915287
Indecent Proposal,1993,A,6.0,117.0,Drama,35,Adrian Lyne,"Robert Redford, ",75367,266614059
Something's Gotta Give,2003,PG-13,6.7,128.0,Comedy,66,Nancy Meyers,"Jack Nicholson, ",126180,265328738
Bridget Jones: The Edge of Reason,2004,UA,6.0,108.0,Comedy,44,Beeban Kidron,"Renée Zellweger, ",118684,265126918
The Incredible Hulk,2008,UA,6.6,112.0,Action,61,Louis Leterrier,"Edward Norton, ",511216,264770996
Waterworld,1995,UA,6.3,135.0,Action,56,Kevin Reynolds,"Kevin Costner, ",204283,264218220
The Truman Show,1998,U,8.2,103.0,Comedy,90,Peter Weir,"Jim Carrey, ",1139954,264118712
Charlie's Angels,2000,A,5.6,98.0,Action,52,McG,"Cameron Diaz, ",192633,264105545
The Fifth Element,1997,UA,7.6,126.0,Action,52,Luc Besson,"Bruce Willis, ",490641,263920180
Jumanji,1995,UA,7.1,104.0,Adventure,39,Joe Johnston,"Robin Williams, ",363189,262821940
Gisaengchung,2019,A,8.5,132.0,Drama,96,Bong Joon Ho,"Song Kang-ho, ",880960,262681282
Borat: Cultural Learnings of America for Make Benefit Glorious Nation of Kazakhstan,2006,A,7.4,84.0,Comedy,89,Larry Charles,"Sacha Baron Cohen, ",427964,262552893
Robots,2005,U,6.4,91.0,Animation,64,"Chris Wedge, ","Ewan McGregor, ",156358,262511490
Knight and Day,2010,UA,6.3,109.0,Action,46,James Mangold,"Tom Cruise, ",205339,261989769
Total Recall,1990,A,7.5,113.0,Action,60,Paul Verhoeven,"Arnold Schwarzenegger, ",344253,261317921
This Is It,2009,U,7.2,111.0,Documentary,67,Kenny Ortega,"Michael Jackson, ",41313,261183588
Terminator: Dark Fate,2019,UA,6.2,128.0,Action,54,Tim Miller,"Linda Hamilton, ",187191,261119292
The Lone Ranger,2013,UA,6.4,150.0,Action,37,Gore Verbinski,"Johnny Depp, ",240735,260502115
Super 8,2011,UA,7.0,112.0,Action,72,J.J. Abrams,"Elle Fanning, ",362766,260095986
Halloween,2018,A,6.5,106.0,Crime,67,David Gordon Green,"Jamie Lee Curtis, ",162416,259939835
Charlie's Angels: Full Throttle,2003,A,4.9,106.0,Action,48,McG,"Drew Barrymore, ",131080,259175788
Rush Hour 3,2007,UA,6.2,91.0,Action,44,Brett Ratner,"Jackie Chan, ",177747,258097122
The Full Monty,1997,UA,7.2,91.0,Comedy,75,Peter Cattaneo,"Robert Carlyle, ",111635,257938649
Gong fu yu jia,2017,UA,5.2,107.0,Action,50,Stanley Tong,"Jackie Chan, ",10980,257753889
Annabelle,2014,A,5.4,99.0,Horror,37,John R. Leonetti,"Ward Horton, ",168189,257589721
Encanto,2021,U,7.2,102.0,Animation,75,"Jared Bush, ","Stephanie Beatriz, ",243347,256786742
The Village,2004,UA,6.6,108.0,Drama,44,M. Night Shyamalan,"Sigourney Weaver, ",270935,256697520
Erin Brockovich,2000,A,7.4,131.0,Biography,73,Steven Soderbergh,"Julia Roberts, ",210540,256271286
Us,2019,A,6.8,116.0,Horror,81,Jordan Peele,"Lupita Nyong'o, ",321274,256067149
Get Out,2017,15+,7.8,104.0,Horror,85,Jordan Peele,"Daniel Kaluuya, ",652787,255745157
Marley & Me,2008,UA,7.0,111.0,Drama,53,David Frankel,"Owen Wilson, ",163856,255743093
Cliffhanger,1993,A,6.5,113.0,Action,60,Renny Harlin,"Sylvester Stallone, ",135934,255000211
Babe,1995,U,6.9,91.0,Comedy,83,Chris Noonan,"James Cromwell, ",130785,254134910
Men in Black: International,2019,U,5.6,114.0,Action,38,F. Gary Gray,"Chris Hemsworth, ",141395,253890701
Wild Hogs,2007,PG-13,5.8,100.0,Action,27,Walt Becker,"Tim Allen, ",121542,253625427
High School Musical 3: Senior Year,2008,U,4.9,112.0,Comedy,57,Kenny Ortega,"Zac Efron, ",65655,252909177
Hercules,1997,U,7.3,93.0,Animation,74,"Ron Clements, ","Tate Donovan, ",245077,252712101
Dark Phoenix,2019,UA,5.7,113.0,Action,43,Simon Kinberg,"James McAvoy, ",197414,252442974
True Grit,2010,16,7.6,110.0,Drama,80,"Ethan Coen, ","Jeff Bridges, ",350087,252276927
Dolittle,2020,U,5.6,101.0,Adventure,26,Stephen Gaghan,"Robert Downey Jr., ",68364,251410631
Bean,1997,U,6.5,89.0,Adventure,52,Mel Smith,"Rowan Atkinson, ",108824,251212670
American Hustle,2013,A,7.2,138.0,Crime,90,David O. Russell,"Christian Bale, ",492361,251171807
Enemy of the State,1998,A,7.3,132.0,Action,67,Tony Scott,"Will Smith, ",252868,250849789
You've Got Mail,1998,U,6.7,119.0,Comedy,57,Nora Ephron,"Tom Hanks, ",222949,250821495
Eragon,2006,U,5.1,104.0,Action,38,Stefen Fangmeier,"Ed Speleers, ",128848,250425512
Brother Bear,2003,U,6.8,85.0,Animation,48,"Aaron Blaise, ","Joaquin Phoenix, ",118555,250397798
The Godfather,1972,A,9.2,175.0,Crime,100,Francis Ford Coppola,"Marlon Brando, ",1941986,250341816
The Mask of Zorro,1998,UA,6.8,136.0,Action,63,Martin Campbell,"Antonio Banderas, ",192568,250288523
The Bad Guys,2022,U,6.8,100.0,Animation,64,Pierre Perifel,"Sam Rockwell, ",51384,250162278
The Ring,2002,UA,7.1,115.0,Horror,57,Gore Verbinski,"Naomi Watts, ",364216,249348933
The Blair Witch Project,1999,UA,6.5,81.0,Horror,81,"Daniel Myrick, ","Heather Donahue, ",274279,248639099
Unbreakable,2000,UA,7.3,106.0,Drama,62,M. Night Shyamalan,"Bruce Willis, ",431221,248118121
Love Actually,2003,A,7.6,135.0,Comedy,55,Richard Curtis,"Hugh Grant, ",505831,247933248
Journey to the West: Demon Chapter,2017,PG-13,5.4,109.0,Adventure,59,Hark Tsui,"Kris Wu, ",3422,247585244
Dumb and Dumber,1994,UA,7.3,107.0,Comedy,41,"Peter Farrelly, ","Jim Carrey, ",400245,247290327
Glass,2019,UA,6.6,129.0,Drama,43,M. Night Shyamalan,"James McAvoy, ",257255,246999039
Grown Ups 2,2013,A,5.3,101.0,Comedy,19,Dennis Dugan,"Adam Sandler, ",163333,246984278
The Peanuts Movie,2015,G,7.0,88.0,Animation,67,Steve Martino,"Noah Schnapp, ",48378,246233113
Rango,2011,U,7.2,107.0,Animation,75,Gore Verbinski,"Johnny Depp, ",283156,245724603
Four Weddings and a Funeral,1994,A,7.1,117.0,Comedy,81,Mike Newell,"Hugh Grant, ",160312,245700832
Face/Off,1997,UA,7.3,138.0,Action,82,John Woo,"John Travolta, ",390855,245676146
Teenage Mutant Ninja Turtles: Out of the Shadows,2016,UA,5.9,112.0,Action,40,Dave Green,"Megan Fox, ",97349,245623848
Dark Shadows,2012,A,6.2,113.0,Comedy,55,Tim Burton,"Johnny Depp, ",275068,245527149
Hulk,2003,UA,5.6,138.0,Action,54,Ang Lee,"Eric Bana, ",274361,245285165
Back to the Future Part III,1990,PG,7.4,118.0,Adventure,55,Robert Zemeckis,"Michael J. Fox, ",466715,245077583
Pixels,2015,PG-13,5.6,105.0,Action,27,Chris Columbus,"Adam Sandler, ",153153,244874809
Hercules,2014,U,6.0,98.0,Action,47,Brett Ratner,"Dwayne Johnson, ",161402,244819862
Rush Hour,1998,UA,7.0,98.0,Action,60,Brett Ratner,"Jackie Chan, ",283955,244721064
Journey to the Center of the Earth,2008,U,5.8,93.0,Action,57,Eric Brevig,"Brendan Fraser, ",128237,244232688
After Earth,2013,UA,4.8,100.0,Action,33,M. Night Shyamalan,"Jaden Smith, ",206048,243611982
A Few Good Men,1992,U,7.7,138.0,Drama,62,Rob Reiner,"Tom Cruise, ",277584,243240178
Cloudy with a Chance of Meatballs,2009,U,6.9,90.0,Animation,66,"Phil Lord, ","Anna Faris, ",248112,243006126
8 Mile,2002,UA,7.2,110.0,Drama,77,Curtis Hanson,"Eminem, ",307331,242875078
Daddy's Home,2015,UA,6.2,96.0,Comedy,42,Sean Anders,"Will Ferrell, ",125401,242786137
RoboCop,2014,UA,6.1,117.0,Action,52,José Padilha,"Joel Kinnaman, ",235213,242688965
Eraser,1996,A,6.2,115.0,Action,56,Chuck Russell,"Arnold Schwarzenegger, ",116093,242295562
Alien: Covenant,2017,A,6.4,122.0,Horror,65,Ridley Scott,"Michael Fassbender, ",293171,240891763
Sully,2016,A,7.4,96.0,Biography,74,Clint Eastwood,"Tom Hanks, ",288272,240797623
Assassin's Creed,2016,UA,5.6,115.0,Action,36,Justin Kurzel,"Michael Fassbender, ",204827,240697856
Click,2006,A,6.4,107.0,Comedy,45,Frank Coraci,"Adam Sandler, ",346054,240685326
Planes,2013,U,5.7,91.0,Animation,39,Klay Hall,"Carlos Alazraqui, ",47383,240171783
Resident Evil: Retribution,2012,A,5.3,95.0,Action,39,Paul W.S. Anderson,"Milla Jovovich, ",147124,240159255
Die Hard 2,1990,A,7.1,124.0,Action,67,Renny Harlin,"Bruce Willis, ",373059,240031274
Crocodile Dundee II,1988,U,5.7,108.0,Action,41,John Cornell,"Paul Hogan, ",59538,239606210
Bullet Train,2022,A,7.3,127.0,Action,49,David Leitch,"Brad Pitt, ",380918,239268602
Crazy Rich Asians,2018,UA,6.9,120.0,Comedy,74,Jon M. Chu,"Constance Wu, ",183074,238843729
Batman & Robin,1997,U,3.8,125.0,Action,28,Joel Schumacher,"Arnold Schwarzenegger, ",262490,238235719
Hauru no ugoku shiro,2004,U,8.2,119.0,Animation,82,Hayao Miyazaki,"Chieko Baishô, ",421449,237536126
Gulliver's Travels,2010,U,4.9,85.0,Adventure,33,Rob Letterman,"Jack Black, ",72018,237382724
Gone in Sixty Seconds,2000,U,6.5,118.0,Action,35,Dominic Sena,"Nicolas Cage, ",288266,237202299
Saturday Night Fever,1977,R,6.8,118.0,Drama,77,John Badham,"John Travolta, ",84453,237113184
Silver Linings Playbook,2012,A,7.7,122.0,Comedy,81,David O. Russell,"Bradley Cooper, ",727411,236412453
2 Fast 2 Furious,2003,A,5.9,107.0,Action,38,John Singleton,"Paul Walker, ",288632,236350661
Hidden Figures,2016,UA,7.8,127.0,Biography,74,Theodore Melfi,"Taraji P. Henson, ",244711,235956898
A.I. Artificial Intelligence,2001,U,7.2,146.0,Drama,65,Steven Spielberg,"Haley Joel Osment, ",316915,235926552
Dead Poets Society,1989,U,8.1,128.0,Comedy,79,Peter Weir,"Robin Williams, ",519169,235860116
Spy,2015,A,7.0,120.0,Action,75,Paul Feig,"Melissa McCarthy, ",252617,235666219
American Pie,1999,18,7.0,95.0,Comedy,58,"Paul Weitz, ","Jason Biggs, ",422021,235483004
American Reunion,2012,A,6.7,113.0,Comedy,49,"Jon Hurwitz, ","Jason Biggs, ",220345,234989584
Big Daddy,1999,U,6.4,93.0,Comedy,41,Dennis Dugan,"Adam Sandler, ",227594,234801895
Alvin and the Chipmunks: The Road Chip,2015,U,4.9,92.0,Animation,33,Walt Becker,"Jason Lee, ",21453,234798636
The Imitation Game,2014,UA,8.0,114.0,Biography,71,Morten Tyldum,"Benedict Cumberbatch, ",799855,233555708
Cruella,2021,Not Rated,7.3,134.0,Adventure,59,Craig Gillespie,"Emma Stone, ",250020,233503234
The Day the Earth Stood Still,2008,U,5.5,104.0,Adventure,40,Scott Derrickson,"Keanu Reeves, ",175761,233093859
American Wedding,2003,A,6.3,96.0,Comedy,43,Jesse Dylan,"Jason Biggs, ",213035,232722935
The Girl with the Dragon Tattoo,2011,(Banned),7.8,158.0,Crime,71,David Fincher,"Daniel Craig, ",479542,232617430
Juno,2007,16,7.5,96.0,Comedy,81,Jason Reitman,"Elliot Page, ",538640,232372681
Argo,2012,A,7.7,120.0,Biography,86,Ben Affleck,"Ben Affleck, ",628759,232325503
Mr. Bean's Holiday,2007,U,6.4,90.0,Comedy,56,Steve Bendelack,"Rowan Atkinson, ",130920,232225908
The English Patient,1996,A,7.4,162.0,Drama,87,Anthony Minghella,"Ralph Fiennes, ",196104,231976425
Sister Act,1992,U,6.5,100.0,Comedy,51,Emile Ardolino,"Whoopi Goldberg, ",104714,231605150
Annabelle Comes Home,2019,A,5.9,106.0,Horror,53,Gary Dauberman,"Vera Farmiga, ",82027,231252591
Constantine,2005,A,7.0,121.0,Action,50,Francis Lawrence,"Keanu Reeves, ",362137,230884728
Get Smart,2008,UA,6.5,110.0,Action,54,Peter Segal,"Steve Carell, ",224379,230685453
Space Jam,1996,U,6.5,88.0,Animation,59,Joe Pytka,"Michael Jordan, ",206772,230594962
La vita è bella,1997,U,8.6,116.0,Comedy,59,Roberto Benigni,"Roberto Benigni, ",719955,230099013
The Heat,2013,A,6.6,117.0,Action,60,Paul Feig,"Sandra Bullock, ",178121,229930771
Ghostbusters,2016,UA,6.8,117.0,Action,60,Paul Feig,"Melissa McCarthy, ",239030,229147509
Ghost Rider,2007,UA,5.3,110.0,Action,35,Mark Steven Johnson,"Nicolas Cage, ",246934,228738393
Paddington 2,2017,U,7.8,103.0,Adventure,88,Paul King,"Ben Whishaw, ",86896,227994792
Sleepless in Seattle,1993,U,6.8,105.0,Comedy,72,Nora Ephron,"Tom Hanks, ",184956,227927165
Lethal Weapon 2,1989,A,7.3,114.0,Action,70,Richard Donner,"Mel Gibson, ",183775,227853986
The Green Hornet,2011,18,5.8,119.0,Action,39,Michel Gondry,"Seth Rogen, ",163081,227817248
Out of Africa,1985,U,7.1,161.0,Biography,69,Sydney Pollack,"Meryl Streep, ",83953,227514205
Elf,2003,U,7.1,97.0,Adventure,64,Jon Favreau,"Will Ferrell, ",289154,227356156
Baby Driver,2017,UA,7.6,113.0,Action,86,Edgar Wright,"Ansel Elgort, ",579016,226945087
Immortals,2011,A,6.0,110.0,Action,46,Tarsem Singh,"Henry Cavill, ",173607,226904017
Taken,2008,A,7.8,90.0,Action,51,Pierre Morel,"Liam Neeson, ",619471,226837760
Percy Jackson & the Olympians: The Lightning Thief,2010,U,5.9,118.0,Adventure,47,Chris Columbus,"Logan Lerman, ",195601,226497209
Lightyear,2022,U,6.1,105.0,Animation,60,Angus MacLane,"Chris Evans, ",117401,226425420
Hansel & Gretel: Witch Hunters,2013,A,6.1,88.0,Action,23,Tommy Wirkola,"Jeremy Renner, ",212710,226349749
Valerian and the City of a Thousand Planets,2017,UA,6.4,136.0,Action,51,Luc Besson,"Dane DeHaan, ",191209,225973340
Good Will Hunting,1997,U,8.3,126.0,Drama,70,Gus Van Sant,"Robin Williams, ",1018898,225933435
Ford v Ferrari,2019,UA,8.1,152.0,Action,81,James Mangold,"Matt Damon, ",432784,225508210
Jumper,2008,UA,6.1,88.0,Action,35,Doug Liman,"Hayden Christensen, ",316353,225132113
The Social Network,2010,UA,7.8,120.0,Biography,95,David Fincher,"Jesse Eisenberg, ",733037,224920375
Chicken Run,2000,U,7.1,84.0,Animation,88,"Peter Lord, ","Mel Gibson, ",201466,224874811
Con Air,1997,R,6.9,115.0,Action,52,Simon West,"Nicolas Cage, ",311009,224012234
Interview with the Vampire: The Vampire Chronicles,1994,R,7.5,123.0,Drama,59,Neil Jordan,"Brad Pitt, ",336134,223664608
Flightplan,2005,U,6.3,98.0,Drama,53,Robert Schwentke,"Jodie Foster, ",168055,223387299
Yes Man,2008,PG-13,6.8,104.0,Comedy,46,Peyton Reed,"Jim Carrey, ",374620,223241637
Non-Stop,2014,UA,6.9,106.0,Action,56,Jaume Collet-Serra,"Liam Neeson, ",272140,222809600
"Honey, I Shrunk the Kids",1989,U,6.4,93.0,Adventure,63,Joe Johnston,"Rick Moranis, ",161840,222724172
Fahrenheit 9/11,2004,A,7.5,122.0,Documentary,67,Michael Moore,"Michael Moore, ",131233,222446882
Wild Wild West,1999,A,4.9,106.0,Action,38,Barry Sonnenfeld,"Will Smith, ",164703,222104681
Geostorm,2017,UA,5.3,109.0,Action,21,Dean Devlin,"Gerard Butler, ",114140,221600160
Presumed Innocent,1990,UA,6.9,127.0,Mystery,72,Alan J. Pakula,"Harrison Ford, ",44478,221303188
Jungle Cruise,2021,UA,6.6,127.0,Action,50,Jaume Collet-Serra,"Dwayne Johnson, ",203711,220889446
Scary Movie 3,2003,UA,5.5,84.0,Comedy,49,David Zucker,"Anna Faris, ",153569,220673217
Collateral,2004,A,7.5,120.0,Action,71,Michael Mann,"Tom Cruise, ",421228,220239925
Inferno,2016,UA,6.2,121.0,Action,42,Ron Howard,"Tom Hanks, ",184261,220021259
Knocked Up,2007,18,6.9,129.0,Comedy,85,Judd Apatow,"Seth Rogen, ",378485,219922417
Green Lantern,2011,UA,5.5,114.0,Action,39,Martin Campbell,"Ryan Reynolds, ",291502,219851172
What Happens in Vegas,2008,UA,6.1,99.0,Comedy,36,Tom Vaughan,"Cameron Diaz, ",183526,219375562
It's Complicated,2009,A,6.5,121.0,Comedy,57,Nancy Meyers,"Meryl Streep, ",96308,219103655
The Terminal,2004,U,7.4,128.0,Comedy,55,Steven Spielberg,"Tom Hanks, ",478987,219100084
The Flash,2023,UA,6.9,144.0,Action,56,Andy Muschietti,"Ezra Miller, ",143347,218971000
Little Women,2019,U,7.8,135.0,Drama,91,Greta Gerwig,"Saoirse Ronan, ",226764,218843645
Captain Phillips,2013,UA,7.8,134.0,Action,82,Paul Greengrass,"Tom Hanks, ",479373,218791811
The Prince of Egypt,1998,UA,7.2,99.0,Animation,64,"Brenda Chapman, ","Val Kilmer, ",140277,218613188
Jack Reacher,2012,UA,7.0,130.0,Action,50,Christopher McQuarrie,"Tom Cruise, ",353830,218340595
Kingdom of Heaven,2005,A,7.2,144.0,Action,63,Ridley Scott,"Orlando Bloom, ",300296,218122627
The Emoji Movie,2017,UA,3.4,86.0,Animation,12,Tony Leondis,"T.J. Miller, ",68613,217776646
Smile,2022,A,6.5,115.0,Horror,68,Parker Finn,"Sosie Bacon, ",138169,217408513
Dracula Untold,2014,UA,6.2,92.0,Action,40,Gary Shore,"Luke Evans, ",202839,217124280
Central Intelligence,2016,UA,6.3,107.0,Action,52,Rawson Marshall Thurber,"Dwayne Johnson, ",204242,216972543
Million Dollar Baby,2004,UA,8.1,132.0,Drama,86,Clint Eastwood,"Hilary Swank, ",705806,216763646
The Help,2011,UA,8.1,146.0,Drama,62,Tate Taylor,"Viola Davis, ",477920,216639112
Twins,1988,U,6.1,107.0,Comedy,53,Ivan Reitman,"Arnold Schwarzenegger, ",132878,216614388
Valentine's Day,2010,U,5.7,125.0,Comedy,34,Garry Marshall,"Julia Roberts, ",123024,216528528
Bad Teacher,2011,A,5.6,92.0,Comedy,47,Jake Kasdan,"Cameron Diaz, ",208906,216197492
The Croods: A New Age,2020,UA,6.9,95.0,Animation,56,Joel Crawford,"Nicolas Cage, ",49425,215905815
Clear and Present Danger,1994,UA,6.9,141.0,Action,74,Phillip Noyce,"Harrison Ford, ",104969,215887717
One Hundred and One Dalmatians,1961,U,7.3,79.0,Animation,83,"Clyde Geronimi, ","Rod Taylor, ",176268,215880014
Ted 2,2015,A,6.3,115.0,Comedy,48,Seth MacFarlane,"Mark Wahlberg, ",222763,215863606
Bram Stoker's Dracula,1992,UA,7.4,128.0,Drama,57,Francis Ford Coppola,"Gary Oldman, ",228280,215862692
Vertical Limit,2000,UA,5.9,124.0,Action,48,Martin Campbell,"Scott Glenn, ",63942,215663859
Ghostbusters II,1989,U,6.6,108.0,Action,56,Ivan Reitman,"Bill Murray, ",215896,215394738
The Patriot,2000,A,7.2,165.0,Action,63,Roland Emmerich,"Mel Gibson, ",286121,215294342
The Sorcerer's Apprentice,2010,PG,6.1,109.0,Action,46,Jon Turteltaub,"Nicolas Cage, ",167024,215283742
Just Go with It,2011,UA,6.4,117.0,Comedy,33,Dennis Dugan,"Adam Sandler, ",256550,214945591
The Expendables 3,2014,UA,6.1,126.0,Action,35,Patrick Hughes,"Sylvester Stallone, ",189818,214657577
Dirty Dancing,1987,U,7.0,100.0,Drama,65,Emile Ardolino,"Patrick Swayze, ",246178,214577242
Creed II,2018,UA,7.1,130.0,Action,66,Steven Caple Jr.,"Michael B. Jordan, ",149193,214215889
Smallfoot,2018,U,6.6,96.0,Animation,60,"Karey Kirkpatrick, ","Channing Tatum, ",41741,214115531
Public Enemies,2009,A,7.0,140.0,Action,70,Michael Mann,"Christian Bale, ",312032,214104620
The Bourne Identity,2002,UA,7.8,119.0,Action,68,Doug Liman,"Franka Potente, ",563521,214034224
Disclosure,1994,UA,6.1,128.0,Drama,58,Barry Levinson,"Michael Douglas, ",52921,214015089
Wo hu cang long,2000,UA,7.9,120.0,Action,94,Ang Lee,"Chow Yun-Fat, ",277200,213977285
Pulp Fiction,1994,A,8.9,154.0,Crime,95,Quentin Tarantino,"John Travolta, ",2139258,213928762
The Aviator,2004,UA,7.5,170.0,Biography,77,Martin Scorsese,"Leonardo DiCaprio, ",374706,213719942
Braveheart,1995,A,8.3,178.0,Biography,68,Mel Gibson,"Mel Gibson, ",1065559,213216216
Into the Woods,2014,PG,5.9,125.0,Adventure,69,Rob Marshall,"Anna Kendrick, ",145307,212902372
Bedtime Stories,2008,U,6.0,99.0,Adventure,33,Adam Shankman,"Adam Sandler, ",99123,212874864
Miss Congeniality,2000,A,6.3,109.0,Action,43,Donald Petrie,"Sandra Bullock, ",221575,212742720
Entrapment,1999,U,6.3,113.0,Action,54,Jon Amiel,"Sean Connery, ",121266,212404396
Ace Ventura: When Nature Calls,1995,U,6.4,90.0,Adventure,45,Steve Oedekerk,"Jim Carrey, ",227223,212385533
End of Days,1999,R,5.8,122.0,Action,33,Peter Hyams,"Arnold Schwarzenegger, ",114697,211989043
Bridget Jones's Baby,2016,A,6.5,123.0,Comedy,59,Sharon Maguire,"Renée Zellweger, ",79430,211952420
Fury,2014,A,7.6,134.0,Action,64,David Ayer,"Brad Pitt, ",521683,211822697
Battle: Los Angeles,2011,UA,5.7,116.0,Action,37,Jonathan Liebesman,"Aaron Eckhart, ",183292,211819354
Australia,2008,UA,6.6,165.0,Adventure,53,Baz Luhrmann,"Nicole Kidman, ",127470,211787511
Due Date,2010,UA,6.5,95.0,Comedy,51,Todd Phillips,"Robert Downey Jr., ",352525,211780824
Master and Commander: The Far Side of the World,2003,PG-13,7.5,138.0,Action,81,Peter Weir,"Russell Crowe, ",231019,211622535
A Series of Unfortunate Events,2004,U,6.8,108.0,Adventure,62,Brad Silberling,"Jim Carrey, ",216044,211468235
The Little Mermaid,1989,U,7.6,83.0,Animation,88,"Ron Clements, ","Jodi Benson, ",281529,211343479
District 9,2009,A,7.9,112.0,Action,81,Neill Blomkamp,"Sharlto Copley, ",700783,210888950
Moonraker,1979,A,6.2,126.0,Action,66,Lewis Gilbert,"Roger Moore, ",105743,210308099
The Others,2001,13,7.6,101.0,Horror,74,Alejandro Amenábar,"Nicole Kidman, ",380588,209947037
Horrible Bosses,2011,A,6.9,98.0,Comedy,57,Seth Gordon,"Jason Bateman, ",461420,209838559
Red Dragon,2002,A,7.2,124.0,Crime,60,Brett Ratner,"Anthony Hopkins, ",283830,209196298
Tomorrowland,2015,PG,6.4,130.0,Action,60,Brad Bird,"George Clooney, ",187565,209035668
Me Before You,2016,UA,7.4,106.0,Drama,51,Thea Sharrock,"Emilia Clarke, ",272665,208314186
Dungeons & Dragons: Honor Among Thieves,2023,UA,7.3,134.0,Action,72,"John Francis Daley, ","Chris Pine, ",169755,208177026
Safe House,2012,UA,6.7,115.0,Action,52,Daniel Espinosa,"Denzel Washington, ",230283,208076205
S.W.A.T.,2003,PG-13,6.0,117.0,Action,45,Clark Johnson,"Samuel L. Jackson, ",151799,207725639
DC League of Super-Pets,2022,7,7.1,105.0,Animation,56,"Jared Stern, ","Dwayne Johnson, ",71425,207557117
The Fast and the Furious,2001,A,6.8,106.0,Action,58,Rob Cohen,"Vin Diesel, ",406658,207517509
Traffic,2000,A,7.6,147.0,Crime,86,Steven Soderbergh,"Michael Douglas, ",215242,207515725
Paranormal Activity 3,2011,R,5.8,83.0,Horror,59,"Henry Joost, ","Chloe Csengery, ",98017,207039844
Philadelphia,1993,UA,7.7,125.0,Drama,66,Jonathan Demme,"Tom Hanks, ",251426,206678440
The Conjuring: The Devil Made Me Do It,2021,A,6.3,112.0,Horror,53,Michael Chaves,"Patrick Wilson, ",128774,206431050
Sleepy Hollow,1999,UA,7.3,105.0,Fantasy,65,Tim Burton,"Johnny Depp, ",372629,206071502
The Holiday,2006,UA,6.9,136.0,Comedy,52,Nancy Meyers,"Kate Winslet, ",303339,205850169
The Jungle Book,1967,U,7.6,78.0,Animation,65,Wolfgang Reitherman,"Phil Harris, ",192529,205843612
London Has Fallen,2016,UA,5.9,99.0,Action,28,Babak Najafi,"Gerard Butler, ",165426,205754447
The Break-Up,2006,UA,5.8,106.0,Comedy,45,Peyton Reed,"Jennifer Aniston, ",136548,205668210
Xi you: Xiang mo pian,2013,PG-13,6.7,110.0,Action,68,"Stephen Chow, ","Zhang Wen, ",13554,205637183
The Ugly Truth,2009,A,6.4,96.0,Comedy,28,Robert Luketic,"Katherine Heigl, ",225870,205599393
JFK,1991,UA,8.0,189.0,Drama,72,Oliver Stone,"Kevin Costner, ",164485,205405498
Birds of Prey and the Fantabulous Emancipation of One Harley Quinn,2020,A,6.1,109.0,Action,60,Cathy Yan,"Margot Robbie, ",254584,205372791
White House Down,2013,UA,6.3,131.0,Action,52,Roland Emmerich,"Channing Tatum, ",231212,205366737
A Dog's Purpose,2017,U,7.2,100.0,Adventure,43,Lasse Hallström,"Josh Gad, ",76372,205035819
Gake no ue no Ponyo,2008,U,7.6,101.0,Animation,86,Hayao Miyazaki,"Cate Blanchett, ",153875,204826668
Fun with Dick and Jane,2005,UA,6.2,90.0,Comedy,47,Dean Parisot,"Jim Carrey, ",150462,204681899
Eat Pray Love,2010,UA,5.8,133.0,Biography,50,Ryan Murphy,"Julia Roberts, ",102582,204594016
The Addams Family,2019,U,5.8,86.0,Animation,46,"Greg Tiernan, ","Oscar Isaac, ",43249,204394183
Ghostbusters: Afterlife,2021,UA,7.1,124.0,Adventure,45,Jason Reitman,"Carrie Coon, ",197572,204334455
You Don't Mess with the Zohan,2008,PG-13,5.6,113.0,Action,54,Dennis Dugan,"Adam Sandler, ",209408,204313400
Hairspray,2007,U,6.7,117.0,Comedy,81,Adam Shankman,"John Travolta, ",135626,203627753
King Arthur,2004,UA,6.3,126.0,Action,46,Antoine Fuqua,"Clive Owen, ",172825,203567857
Yogi Bear,2010,PG,4.6,81.0,Animation,35,Eric Brevig,"Dan Aykroyd, ",22974,203509374
Everest,2015,UA,7.1,121.0,Action,64,Baltasar Kormákur,"Jason Clarke, ",226045,203427584
Vanilla Sky,2001,18,6.9,136.0,Fantasy,45,Cameron Crowe,"Tom Cruise, ",279181,203388341
Arrival,2016,UA,7.9,116.0,Drama,81,Denis Villeneuve,"Amy Adams, ",731914,203388186
Need for Speed,2014,UA,6.4,132.0,Action,39,Scott Waugh,"Aaron Paul, ",175594,203277636
Garfield,2004,U,5.0,80.0,Animation,27,Peter Hewitt,"Breckin Meyer, ",90999,203172417
Patch Adams,1998,U,6.8,115.0,Biography,25,Tom Shadyac,"Robin Williams, ",119276,202292902
Teenage Mutant Ninja Turtles,1990,U,6.8,93.0,Action,51,Steve Barron,"Judith Hoag, ",100538,202084756
Kindergarten Cop,1990,U,6.2,111.0,Action,61,Ivan Reitman,"Arnold Schwarzenegger, ",157843,201957688
Straight Outta Compton,2015,R,7.8,147.0,Biography,72,F. Gary Gray,"O'Shea Jackson Jr., ",211679,201634991
21 Jump Street,2012,UA,7.2,109.0,Action,69,"Phil Lord, ","Jonah Hill, ",581806,201585328
Valkyrie,2008,UA,7.1,121.0,Drama,56,Bryan Singer,"Tom Cruise, ",253477,201545517
Open Season,2006,U,6.1,86.0,Animation,49,"Roger Allers, ","Ashton Kutcher, ",102413,200811689
Cats & Dogs,2001,U,5.1,87.0,Action,47,Lawrence Guterman,"Alec Baldwin, ",61431,200687492
The Hunt for Red October,1990,U,7.5,135.0,Action,58,John McTiernan,"Sean Connery, ",208645,200512643
Percy Jackson: Sea of Monsters,2013,UA,5.7,106.0,Adventure,39,Thor Freudenthal,"Logan Lerman, ",122467,199850315
The Lego Movie 2: The Second Part,2019,U,6.6,107.0,Animation,65,Mike Mitchell,"Chris Pratt, ",73269,199603202
Two Weeks Notice,2002,UA,6.1,101.0,Comedy,42,Marc Lawrence,"Sandra Bullock, ",122976,199043471
RED,2010,UA,7.0,111.0,Action,60,Robert Schwentke,"Bruce Willis, ",317686,199006387
City of Angels,1998,A,6.7,114.0,Drama,54,Brad Silberling,"Nicolas Cage, ",124983,198685114
The Pacifier,2005,U,5.6,95.0,Action,30,Adam Shankman,"Vin Diesel, ",98542,198636868
50 First Dates,2004,UA,6.8,99.0,Comedy,48,Peter Segal,"Adam Sandler, ",370378,198520934
Total Recall,2012,UA,6.2,118.0,Action,43,Len Wiseman,"Colin Farrell, ",261638,198467168
Lo imposible,2012,UA,7.5,114.0,Adventure,73,J.A. Bayona,"Naomi Watts, ",233605,198087212
Christopher Robin,2018,U,7.2,104.0,Adventure,60,Marc Forster,"Ewan McGregor, ",81901,197744377
Jack the Giant Slayer,2013,UA,6.3,114.0,Action,51,Bryan Singer,"Nicholas Hoult, ",143899,197687603
Smurfs: The Lost Village,2017,UA,6.0,90.0,Animation,40,Kelly Asbury,"Demi Lovato, ",23192,197183546
Spy Kids 3: Game Over,2003,U,4.3,84.0,Action,57,Robert Rodriguez,"Daryl Sabara, ",63825,197101678
Panic Room,2002,UA,6.8,112.0,Crime,65,David Fincher,"Jodie Foster, ",289050,197079546
The Other Woman,2014,A,6.0,109.0,Comedy,39,Nick Cassavetes,"Cameron Diaz, ",146262,196710396
Stargate,1994,U,7.0,116.0,Action,42,Roland Emmerich,"Kurt Russell, ",199165,196567262
Beowulf,2007,A,6.3,115.0,Animation,59,Robert Zemeckis,"Ray Winstone, ",171563,196393745
The Vow,2012,UA,6.8,104.0,Drama,43,Michael Sucsy,"Rachel McAdams, ",200338,196114570
Anger Management,2003,A,6.2,106.0,Comedy,52,Peter Segal,"Jack Nicholson, ",223175,195745823
Tropic Thunder,2008,R,7.1,107.0,Action,71,Ben Stiller,"Ben Stiller, ",434378,195702963
The Shape of Water,2017,A,7.3,123.0,Drama,87,Guillermo del Toro,"Sally Hawkins, ",436106,195333312
Rocketman,2019,A,7.3,121.0,Biography,69,Dexter Fletcher,"Taron Egerton, ",185612,195320400
The Pelican Brief,1993,UA,6.6,141.0,Crime,50,Alan J. Pakula,"Julia Roberts, ",92585,195268056
The BFG,2016,UA,6.3,117.0,Adventure,66,Steven Spielberg,"Mark Rylance, ",90480,195243411
Downton Abbey,2019,UA,7.4,122.0,Drama,64,Michael Engler,"Stephen Campbell Moore, ",60380,194694725
The Intern,2015,UA,7.1,121.0,Comedy,51,Nancy Meyers,"Robert De Niro, ",264516,194564672
The Curse of the Were-Rabbit,2005,U,7.5,85.0,Animation,87,"Steve Box, ","Peter Sallis, ",141803,194137091
The Sum of All Fears,2002,A,6.4,124.0,Action,45,Phil Alden Robinson,"Ben Affleck, ",121665,193921372
Gangs of New York,2002,A,7.5,167.0,Crime,72,Martin Scorsese,"Leonardo DiCaprio, ",459006,193772504
The Post,2017,UA,7.2,116.0,Biography,83,Steven Spielberg,"Meryl Streep, ",157855,193764664
Paranormal Activity,2007,UA,6.3,86.0,Horror,68,Oren Peli,"Katie Featherston, ",249538,193355800
Tenki no ko,2019,U,7.5,112.0,Animation,72,Makoto Shinkai,"Kotaro Daigo, ",50185,192951441
The Lost City,2022,UA,6.1,112.0,Action,60,"Aaron Nee, ","Sandra Bullock, ",138810,192907684
The Equalizer,2014,A,7.2,132.0,Action,57,Antoine Fuqua,"Denzel Washington, ",390024,192330738
The Addams Family,1991,UA,6.9,99.0,Comedy,57,Barry Sonnenfeld,"Anjelica Huston, ",172670,191502426
The Longest Yard,2005,UA,6.4,113.0,Comedy,48,Peter Segal,"Adam Sandler, ",188787,191466556
The Santa Clause,1994,U,6.5,97.0,Comedy,57,John Pasquin,"Tim Allen, ",125924,190539357
Cheaper by the Dozen,2003,U,5.9,98.0,Comedy,46,Shawn Levy,"Steve Martin, ",106353,190538630
The Equalizer 2,2018,UA,6.7,121.0,Action,50,Antoine Fuqua,"Denzel Washington, ",173399,190400157
Abominable,2019,U,7.0,97.0,Animation,61,"Jill Culton, ","Chloe Bennet, ",41021,190304772
Hollow Man,2000,A,5.8,112.0,Action,24,Paul Verhoeven,"Kevin Bacon, ",135501,190213455
Outbreak,1995,U,6.6,127.0,Action,64,Wolfgang Petersen,"Dustin Hoffman, ",134364,189859560
The X Files,1998,PG-13,7.0,121.0,Drama,60,Rob Bowman,"David Duchovny, ",108323,189176423
Rambo III,1988,A,5.8,102.0,Action,36,Peter MacDonald,"Sylvester Stallone, ",136795,189015611
The Secret Life of Walter Mitty,2013,UA,7.3,114.0,Adventure,54,Ben Stiller,"Ben Stiller, ",329549,188133322
Jaws 2,1978,A,5.8,116.0,Adventure,51,Jeannot Szwarc,"Roy Scheider, ",82301,187884007
12 Years a Slave,2013,A,8.1,134.0,Biography,96,Steve McQueen,"Chiwetel Ejiofor, ",722918,187733202
Heat,1995,A,8.3,170.0,Action,76,Michael Mann,"Al Pacino, ",689160,187436818
Mr. Popper's Penguins,2011,U,6.0,94.0,Comedy,53,Mark Waters,"Jim Carrey, ",102731,187361754
The Grudge,2004,UA,5.9,91.0,Horror,49,Takashi Shimizu,"Sarah Michelle Gellar, ",148516,187281115
One Piece Film Red,2022,U,6.6,115.0,Animation,69,Gorô Taniguchi,"Mayumi Tanaka, ",13916,187170704
I Now Pronounce You Chuck & Larry,2007,UA,5.9,115.0,Comedy,37,Dennis Dugan,"Adam Sandler, ",151551,187134117
The Horse Whisperer,1998,UA,6.7,169.0,Drama,65,Robert Redford,"Robert Redford, ",42677,186883563
Walk the Line,2005,U,7.8,136.0,Biography,72,James Mangold,"Joaquin Phoenix, ",259635,186797986
The Jungle Book 2,2003,7,5.3,72.0,Animation,38,Steve Trenbirth,"John Goodman, ",17369,186303759
The Final Destination,2009,A,5.1,82.0,Horror,30,David R. Ellis,"Nick Zano, ",111401,186167139
Atlantis: The Lost Empire,2001,U,6.9,95.0,Animation,52,"Gary Trousdale, ","Michael J. Fox, ",128435,186053725
Inside Man,2006,18,7.6,129.0,Crime,76,Spike Lee,"Denzel Washington, ",387213,186003591
The Waterboy,1998,U,6.1,90.0,Comedy,41,Frank Coraci,"Adam Sandler, ",172615,185991646
Hugo,2011,U,7.5,126.0,Adventure,83,Martin Scorsese,"Asa Butterfield, ",330688,185770310
Pitch Perfect 3,2017,UA,5.8,93.0,Comedy,40,Trish Sie,"Anna Kendrick, ",69101,185400345
Watchmen,2009,A,7.6,162.0,Action,56,Zack Snyder,"Jackie Earle Haley, ",568256,185382813
The Birdcage,1996,A,7.2,117.0,Comedy,72,Mike Nichols,"Robin Williams, ",95780,185260553
Moulin Rouge!,2001,UA,7.6,127.0,Drama,66,Baz Luhrmann,"Nicole Kidman, ",293397,184928542
Snow White and the Seven Dwarfs,1937,U,7.6,83.0,Animation,96,"William Cottrell, ","Adriana Caselotti, ",208940,184925486
Hop,2011,PG,5.4,95.0,Animation,41,Tim Hill,"Russell Brand, ",36098,184367145
Bad Moms,2016,18,6.2,100.0,Comedy,60,"Jon Lucas, ","Mila Kunis, ",131236,183936074
Jupiter Ascending,2015,A,5.3,127.0,Action,40,"Lana Wachowski, ","Channing Tatum, ",192173,183887723
Knowing,2009,UA,6.2,121.0,Action,41,Alex Proyas,"Nicolas Cage, ",242349,183658498
Storks,2016,7,6.8,87.0,Animation,56,"Nicholas Stoller, ","Andy Samberg, ",65508,183510278
The Hitman's Bodyguard,2017,A,6.9,118.0,Action,47,Patrick Hughes,"Ryan Reynolds, ",240671,183428689
Paul Blart: Mall Cop,2009,PG,5.2,91.0,Action,39,Steve Carr,"Kevin James, ",114573,183348429
Wayne's World,1992,U,7.0,94.0,Comedy,57,Penelope Spheeris,"Mike Myers, ",165406,183097323
Maverick,1994,UA,7.0,127.0,Action,62,Richard Donner,"Mel Gibson, ",116063,183031272
Mirror Mirror,2012,U,5.6,106.0,Adventure,46,Tarsem Singh,"Lily Collins, ",89789,183018522
The Man in the Iron Mask,1998,A,6.5,132.0,Action,48,Randall Wallace,"Leonardo DiCaprio, ",174249,182968902
Cape Fear,1991,R,7.3,128.0,Crime,73,Martin Scorsese,"Robert De Niro, ",207354,182291969
The Haunted Mansion,2003,U,5.1,99.0,Comedy,34,Rob Minkoff,"Eddie Murphy, ",53234,182290266
While You Were Sleeping,1995,U,6.8,103.0,Comedy,67,Jon Turteltaub,"Sandra Bullock, ",109105,182057016
The Bridges of Madison County,1995,A,7.6,135.0,Drama,69,Clint Eastwood,"Clint Eastwood, ",85974,182016617
Poseidon,2006,UA,5.7,98.0,Action,50,Wolfgang Petersen,"Richard Dreyfuss, ",108278,181674817
The First Wives Club,1996,UA,6.4,103.0,Comedy,58,Hugh Wilson,"Goldie Hawn, ",52159,181489203
Scooby-Doo 2: Monsters Unleashed,2004,U,5.2,93.0,Adventure,34,Raja Gosnell,"Freddie Prinze Jr., ",62080,181239132
Hot Shots!,1991,U,6.7,84.0,Action,61,Jim Abrahams,"Charlie Sheen, ",113394,181096164
Road to Perdition,2002,A,7.7,117.0,Crime,72,Sam Mendes,"Tom Hanks, ",278108,181001478
Kill Bill: Vol. 1,2003,A,8.2,111.0,Action,69,Quentin Tarantino,"Uma Thurman, ",1154840,180906076
The Scorpion King,2002,A,5.5,92.0,Action,45,Chuck Russell,"Dwayne Johnson, ",142933,180630907
Sweet Home Alabama,2002,U,6.2,108.0,Comedy,45,Andy Tennant,"Reese Witherspoon, ",119553,180622424
Daddy's Home 2,2017,UA,6.0,100.0,Comedy,30,Sean Anders,"Will Ferrell, ",78905,180613824
Hacksaw Ridge,2016,A,8.1,139.0,Biography,71,Mel Gibson,"Andrew Garfield, ",563046,180563636
Deja Vu,2006,UA,7.1,126.0,Action,59,Tony Scott,"Denzel Washington, ",320286,180557550
M3GAN,2022,A,6.4,102.0,Horror,72,Gerard Johnstone,"Allison Williams, ",118759,179550350
Dangerous Minds,1995,U,6.5,99.0,Biography,47,John N. Smith,"Michelle Pfeiffer, ",55472,179519401
The Dictator,2012,18,6.4,83.0,Comedy,58,Larry Charles,"Sacha Baron Cohen, ",322976,179379533
The League of Extraordinary Gentlemen,2003,UA,5.8,110.0,Action,30,Stephen Norrington,"Sean Connery, ",181001,179265204
Allegiant,2016,13,5.7,120.0,Action,33,Robert Schwentke,"Shailene Woodley, ",129072,179246868
Daredevil,2003,UA,5.3,103.0,Action,42,Mark Steven Johnson,"Ben Affleck, ",225491,179179718
He's Just Not That Into You,2009,13,6.4,129.0,Comedy,47,Ken Kwapis,"Ginnifer Goodwin, ",179057,178866158
Eagle Eye,2008,A,6.6,118.0,Action,43,D.J. Caruso,"Shia LaBeouf, ",192271,178767383
Along Came Polly,2004,UA,6.0,90.0,Comedy,44,John Hamburg,"Ben Stiller, ",141076,178311729
